	date,reviewedAt,total,strongHits,normalHits,misses,hitRate,summary
2026-07-15,2026/07/15 18:31:08 TPE,20,5,2,0,6,7,35,"大盤 加權指數 開:44850.7(-1.17% ) 高:45881.9(+1.1%  ) 低:44850.7(-1.17% ) 收:45631.6(+0.55% ) 振幅:+1.74%  情緒:盤整
本次驗證 20 檔 🔥強命中 5 🏄‍♀️可當沖 2 🦐命中難追 0 ❌失敗 6 🎲中性 7。命中率 35%。
🔥 2408  南亞科     振幅:+4.57%  昨收:  448 開:  460(+2.68% ) 最高:489.5(+9.26% ) 收:  481(+7.37% ) 判定:強命中
🔥 2059  川湖       振幅:+5.59%  昨收: 7995 開: 8050(+0.69% ) 最高: 8660(+8.32% ) 收: 8500(+6.32% ) 判定:強命中
❌ 2382  廣達       振幅:-0.65%  昨收:  380 開:383.5(+0.92% ) 最高:  384(+1.05% ) 收:  381(+0.26% ) 判定:失敗  
🏄‍♀️ 6669             振幅:+2.93%  昨收: 4905 開: 4950(+0.92% ) 最高: 5160(+5.2%  ) 收: 5095(+3.87% ) 判定:可當沖
🎲 3131  弘塑       振幅:+1.42%  昨收: 3045 開: 3160(+3.78% ) 最高: 3230(+6.08% ) 收: 3205(+5.25% ) 判定:中性  
🔥 3583  辛耘       振幅:+9.92%  昨收:  766 開:  766(+0%    ) 最高:  842(+9.92% ) 收:  842(+9.92% ) 判定:強命中
🎲 3481  群創       振幅:+0.17%  昨收: 57.2 開: 58.4(+2.1%  ) 最高: 59.2(+3.5%  ) 收: 58.5(+2.27% ) 判定:中性  
🎲 2330  台積電     振幅:+0.62%  昨收: 2420 開: 2425(+0.21% ) 最高: 2460(+1.65% ) 收: 2440(+0.83% ) 判定:中性  
🎲 2344  華邦電     振幅:+2.85%  昨收:164.5 開:175.5(+6.69% ) 最高:180.5(+9.73% ) 收:180.5(+9.73% ) 判定:中性  
🎲 1519  華城       振幅:+0.85%  昨收:  692 開:  703(+1.59% ) 最高:  710(+2.6%  ) 收:  709(+2.46% ) 判定:中性  
🔥 3665  貿聯-KY    振幅:+5.82%  昨收: 1775 開: 1805(+1.69% ) 最高: 1915(+7.89% ) 收: 1910(+7.61% ) 判定:強命中
🎲 3017  奇鋐       振幅:+1.17%  昨收: 2120 開: 2140(+0.94% ) 最高: 2200(+3.77% ) 收: 2165(+2.12% ) 判定:中性  
🎲 3363  上詮       振幅:+0.51%  昨收:  579 開:  594(+2.59% ) 最高:  611(+5.53% ) 收:  597(+3.11% ) 判定:中性  
🏄‍♀️ 5274  信驊       振幅:+1.46%  昨收:12985 開:13700(+5.51% ) 最高:14280(+9.97% ) 收:13900(+7.05% ) 判定:可當沖
❌ 4979  華星光     振幅:-1.32%  昨收:  403 開:415.5(+3.1%  ) 最高:  419(+3.97% ) 收:  410(+1.74% ) 判定:失敗  
❌ 3081  聯亞       振幅:-5.14%  昨收: 1750 開: 1850(+5.71% ) 最高: 1885(+7.71% ) 收: 1755(+0.29% ) 判定:失敗  
🔥 6187  萬潤       振幅:+5.88%  昨收:  985 開: 1020(+3.55% ) 最高: 1080(+9.64% ) 收: 1080(+9.64% ) 判定:強命中
❌ 3450  聯鈞       振幅:-2.34%  昨收:  476 開:491.5(+3.26% ) 最高:493.5(+3.68% ) 收:  480(+0.84% ) 判定:失敗  
❌ 6223  旺矽       振幅:-1.25%  昨收: 6340 開: 6410(+1.1%  ) 最高: 6590(+3.94% ) 收: 6330(-0.16% ) 判定:失敗  
❌ 3044  健鼎       振幅:-0.47%  昨收:421.5 開:  428(+1.54% ) 最高:428.5(+1.66% ) 收:  426(+1.07% ) 判定:失敗  "
2026-07-14,2026/07/14 18:31:05 TPE,20,0,4,0,13,3,20,"大盤 加權指數 開:45364.4(-0.04% ) 高:45364.4(-0.04% ) 低:43654(-3.8%  ) 收:44737.9(-1.42% ) 振幅:-1.38%  情緒:偏空
本次驗證 20 檔 🔥強命中 0 🏄‍♀️可當沖 4 🦐命中難追 0 ❌失敗 13 🎲中性 3。命中率 20%。
🎲 2382  廣達       振幅:+0.53%  昨收:  378 開:  378(+0%    ) 最高:  380(+0.53% ) 收:  380(+0.53% ) 判定:中性  
🎲 2330  台積電     振幅:+0.41%  昨收: 2440 開: 2410(-1.23% ) 最高: 2430(-0.41% ) 收: 2420(-0.82% ) 判定:中性  
🎲 2059  川湖       振幅:+1.01%  昨收: 8080 開: 7915(-2.04% ) 最高: 8000(-0.99% ) 收: 7995(-1.05% ) 判定:中性  
❌ 6669  緯穎       振幅:-0.51%  昨收: 4960 開: 4930(-0.6%  ) 最高: 4985(+0.5%  ) 收: 4905(-1.11% ) 判定:失敗  
🏄‍♀️ 2408  南亞科     振幅:+3.7%   昨收:  423 開:  432(+2.13% ) 最高:  449(+6.15% ) 收:  448(+5.91% ) 判定:可當沖
❌ 2344  華邦電     振幅:-3.24%  昨收:  167 開:  170(+1.8%  ) 最高:172.5(+3.29% ) 收:164.5(-1.5%  ) 判定:失敗  
❌ 3583  辛耘       振幅:-3.77%  昨收:  794 開:  796(+0.25% ) 最高:  800(+0.76% ) 收:  766(-3.53% ) 判定:失敗  
❌ 3131  弘塑       振幅:-4.99%  昨收: 3210 開: 3205(-0.16% ) 最高: 3210(+0%    ) 收: 3045(-5.14% ) 判定:失敗  
❌ 2454  聯發科     振幅:-4.44%  昨收: 3825 開: 3830(+0.13% ) 最高: 3860(+0.92% ) 收: 3660(-4.31% ) 判定:失敗  
❌ 2345  智邦       振幅:-2.98%  昨收: 2405 開: 2350(-2.29% ) 最高: 2415(+0.42% ) 收: 2280(-5.2%  ) 判定:失敗  
❌ 2313  華通       振幅:-3.22%  昨收:  235 開:  233(-0.85% ) 最高:237.5(+1.06% ) 收:225.5(-4.04% ) 判定:失敗  
❌ 2308  台達電     振幅:-2.37%  昨收: 1890 開: 1900(+0.53% ) 最高: 1905(+0.79% ) 收: 1855(-1.85% ) 判定:失敗  
🏄‍♀️ 6488  環球晶     振幅:+1.34%  昨收: 1485 開: 1495(+0.67% ) 最高: 1575(+6.06% ) 收: 1515(+2.02% ) 判定:可當沖
🏄‍♀️ 4979  華星光     振幅:-4.05%  昨收:  419 開:  420(+0.24% ) 最高:  442(+5.49% ) 收:  403(-3.82% ) 判定:可當沖
❌ 1519  華城       振幅:-3.89%  昨收:  727 開:  720(-0.96% ) 最高:  727(+0%    ) 收:  692(-4.81% ) 判定:失敗  
❌ 3017  奇鋐       振幅:-2.97%  昨收: 2225 開: 2185(-1.8%  ) 最高: 2220(-0.22% ) 收: 2120(-4.72% ) 判定:失敗  
❌ 3665  貿聯-KY    振幅:-4.83%  昨收: 1865 開: 1865(+0%    ) 最高: 1880(+0.8%  ) 收: 1775(-4.83% ) 判定:失敗  
🏄‍♀️ 3081  聯亞       振幅:-1.28%  昨收: 1990 開: 1950(-2.01% ) 最高: 2040(+2.51% ) 收: 1925(-3.27% ) 判定:可當沖
❌ 3324  雙鴻       振幅:-3.89%  昨收:  905 開:  899(-0.66% ) 最高:  904(-0.11% ) 收:  864(-4.53% ) 判定:失敗  
❌ 3491  昇達科     振幅:-4.78%  昨收: 1260 開: 1255(-0.4%  ) 最高: 1260(+0%    ) 收: 1195(-5.16% ) 判定:失敗  "
2026-07-14,2026/07/14 15:00:46 TPE,20,0,4,0,13,3,20,"大盤 加權指數 開:45364.4(-0.04% ) 高:45364.4(-0.04% ) 低:43654(-3.8%  ) 收:44737.9(-1.42% ) 振幅:-1.38%  情緒:偏空
本次驗證 20 檔 🔥強命中 0 🏄‍♀️可當沖 4 🦐命中難追 0 ❌失敗 13 🎲中性 3。命中率 20%。
🎲 2382  廣達       振幅:+0.53%  昨收:  378 開:  378(+0%    ) 最高:  380(+0.53% ) 收:  380(+0.53% ) 判定:中性  
🎲 2330  台積電     振幅:+0.41%  昨收: 2440 開: 2410(-1.23% ) 最高: 2430(-0.41% ) 收: 2420(-0.82% ) 判定:中性  
🎲 2059  川湖       振幅:+1.01%  昨收: 8080 開: 7915(-2.04% ) 最高: 8000(-0.99% ) 收: 7995(-1.05% ) 判定:中性  
❌ 6669  緯穎       振幅:-0.51%  昨收: 4960 開: 4930(-0.6%  ) 最高: 4985(+0.5%  ) 收: 4905(-1.11% ) 判定:失敗  
🏄‍♀️ 2408  南亞科     振幅:+3.7%   昨收:  423 開:  432(+2.13% ) 最高:  449(+6.15% ) 收:  448(+5.91% ) 判定:可當沖
❌ 2344  華邦電     振幅:-3.24%  昨收:  167 開:  170(+1.8%  ) 最高:172.5(+3.29% ) 收:164.5(-1.5%  ) 判定:失敗  
❌ 3583  辛耘       振幅:-3.77%  昨收:  794 開:  796(+0.25% ) 最高:  800(+0.76% ) 收:  766(-3.53% ) 判定:失敗  
❌ 3131  弘塑       振幅:-4.99%  昨收: 3210 開: 3205(-0.16% ) 最高: 3210(+0%    ) 收: 3045(-5.14% ) 判定:失敗  
❌ 2454  聯發科     振幅:-4.44%  昨收: 3825 開: 3830(+0.13% ) 最高: 3860(+0.92% ) 收: 3660(-4.31% ) 判定:失敗  
❌ 2345  智邦       振幅:-2.98%  昨收: 2405 開: 2350(-2.29% ) 最高: 2415(+0.42% ) 收: 2280(-5.2%  ) 判定:失敗  
❌ 2313  華通       振幅:-3.22%  昨收:  235 開:  233(-0.85% ) 最高:237.5(+1.06% ) 收:225.5(-4.04% ) 判定:失敗  
❌ 2308  台達電     振幅:-2.37%  昨收: 1890 開: 1900(+0.53% ) 最高: 1905(+0.79% ) 收: 1855(-1.85% ) 判定:失敗  
🏄‍♀️ 6488  環球晶     振幅:+1.34%  昨收: 1485 開: 1495(+0.67% ) 最高: 1575(+6.06% ) 收: 1515(+2.02% ) 判定:可當沖
🏄‍♀️ 4979  華星光     振幅:-4.05%  昨收:  419 開:  420(+0.24% ) 最高:  442(+5.49% ) 收:  403(-3.82% ) 判定:可當沖
❌ 1519  華城       振幅:-3.89%  昨收:  727 開:  720(-0.96% ) 最高:  727(+0%    ) 收:  692(-4.81% ) 判定:失敗  
❌ 3017  奇鋐       振幅:-2.97%  昨收: 2225 開: 2185(-1.8%  ) 最高: 2220(-0.22% ) 收: 2120(-4.72% ) 判定:失敗  
❌ 3665  貿聯-KY    振幅:-4.83%  昨收: 1865 開: 1865(+0%    ) 最高: 1880(+0.8%  ) 收: 1775(-4.83% ) 判定:失敗  
🏄‍♀️ 3081  聯亞       振幅:-1.28%  昨收: 1990 開: 1950(-2.01% ) 最高: 2040(+2.51% ) 收: 1925(-3.27% ) 判定:可當沖
❌ 3324  雙鴻       振幅:-3.89%  昨收:  905 開:  899(-0.66% ) 最高:  904(-0.11% ) 收:  864(-4.53% ) 判定:失敗  
❌ 3491  昇達科     振幅:-4.78%  昨收: 1260 開: 1255(-0.4%  ) 最高: 1260(+0%    ) 收: 1195(-5.16% ) 判定:失敗  "
2026-07-10,2026/07/10 18:31:05 TPE,20,2,7,0,10,1,45,"大盤 加權指數 開:45805.6(+0.16% ) 高:46064.1(+0.72% ) 低:45352.4(-0.84% ) 收:45354.6(-0.83% ) 振幅:-0.98%  情緒:盤整
本次驗證 20 檔 🔥強命中 2 🏄‍♀️可當沖 7 🦐命中難追 0 ❌失敗 10 🎲中性 1。命中率 45%。
🏄‍♀️ 2059  川湖       振幅:-0.06%  昨收: 8095 開: 8255(+1.98% ) 最高: 8545(+5.56% ) 收: 8250(+1.91% ) 判定:可當沖
🔥 2408  南亞科     振幅:+5.19%  昨收:  396 開:  414(+4.55% ) 最高:435.5(+9.97% ) 收:435.5(+9.97% ) 判定:強命中
❌ 2330  台積電     振幅:-1.43%  昨收: 2465 開: 2450(-0.61% ) 最高: 2460(-0.2%  ) 收: 2415(-2.03% ) 判定:失敗  
🏄‍♀️ 8299  群聯       振幅:+1.37%  昨收: 2140 開: 2190(+2.34% ) 最高: 2280(+6.54% ) 收: 2220(+3.74% ) 判定:可當沖
🏄‍♀️ 6239  力成       振幅:+0%     昨收:  318 開:  320(+0.63% ) 最高:  332(+4.4%  ) 收:  320(+0.63% ) 判定:可當沖
🏄‍♀️ 2344  華邦電     振幅:+1.73%  昨收:168.5 開:173.5(+2.97% ) 最高:  184(+9.2%  ) 收:176.5(+4.75% ) 判定:可當沖
❌ 2345  智邦       振幅:-0.6%   昨收: 2415 開: 2485(+2.9%  ) 最高: 2540(+5.18% ) 收: 2470(+2.28% ) 判定:失敗  
🏄‍♀️ 6669  緯穎       振幅:+0.4%   昨收: 5050 開: 5020(-0.59% ) 最高: 5215(+3.27% ) 收: 5040(-0.2%  ) 判定:可當沖
🏄‍♀️ 3583  辛耘       振幅:+3.68%  昨收:  785 開:  788(+0.38% ) 最高:  855(+8.92% ) 收:  817(+4.08% ) 判定:可當沖
❌ 2317  鴻海       振幅:-0.21%  昨收:237.5 開:  238(+0.21% ) 最高:  240(+1.05% ) 收:237.5(+0%    ) 判定:失敗  
❌ 3450  聯鈞       振幅:-3.28%  昨收:  510 開:  519(+1.76% ) 最高:  519(+1.76% ) 收:  502(-1.57% ) 判定:失敗  
🔥 3131  弘塑       振幅:+5.09%  昨收: 3110 開: 3145(+1.13% ) 最高: 3420(+9.97% ) 收: 3305(+6.27% ) 判定:強命中
❌ 3363  上詮       振幅:-3.49%  昨收:  640 開:  630(-1.56% ) 最高:  633(-1.09% ) 收:  608(-5%    ) 判定:失敗  
❌ 3017  奇鋐       振幅:-1.26%  昨收: 2325 開: 2380(+2.37% ) 最高: 2435(+4.73% ) 收: 2350(+1.08% ) 判定:失敗  
🏄‍♀️ 6187  萬潤       振幅:+3.45%  昨收:  955 開: 1015(+6.28% ) 最高: 1050(+9.95% ) 收: 1050(+9.95% ) 判定:可當沖
🎲 3260  威剛       振幅:+0.49%  昨收:  404 開:  408(+0.99% ) 最高:  418(+3.47% ) 收:  410(+1.49% ) 判定:中性  
❌ 2313  華通       振幅:-3.88%  昨收:  224 開:  232(+3.57% ) 最高:  237(+5.8%  ) 收:  223(-0.45% ) 判定:失敗  
❌ 4979  華星光     振幅:-1.48%  昨收:434.5 開:  439(+1.04% ) 最高:  443(+1.96% ) 收:432.5(-0.46% ) 判定:失敗  
❌ 3081  聯亞       振幅:-4.3%   昨收: 2095 開: 2095(+0%    ) 最高: 2120(+1.19% ) 收: 2005(-4.3%  ) 判定:失敗  
❌ 6442  光聖       振幅:-2.95%  昨收: 1485 開: 1525(+2.69% ) 最高: 1555(+4.71% ) 收: 1480(-0.34% ) 判定:失敗  "
2026-07-09,2026/07/09 18:31:05 TPE,20,2,5,0,13,0,35,"大盤 加權指數 開:45805.6(+0.16% ) 高:46064.1(+0.72% ) 低:45352.4(-0.84% ) 收:45354.6(-0.83% ) 振幅:-0.98%  情緒:盤整
本次驗證 20 檔 🔥強命中 2 🏄‍♀️可當沖 5 🦐命中難追 0 ❌失敗 13 🎲中性 0。命中率 35%。
🏄‍♀️ 2059  川湖       振幅:-0.06%  昨收: 8095 開: 8255(+1.98% ) 最高: 8545(+5.56% ) 收: 8250(+1.91% ) 判定:可當沖
❌ 2382  廣達       振幅:-1.58%  昨收:  377 開:379.5(+0.66% ) 最高:380.5(+0.93% ) 收:373.5(-0.93% ) 判定:失敗  
❌ 2330  台積電     振幅:-1.43%  昨收: 2465 開: 2450(-0.61% ) 最高: 2460(-0.2%  ) 收: 2415(-2.03% ) 判定:失敗  
❌ 2303  聯電       振幅:-3.11%  昨收:  163 開:  161(-1.23% ) 最高:  161(-1.23% ) 收:  156(-4.29% ) 判定:失敗  
🔥 3131  弘塑       振幅:+5.09%  昨收: 3110 開: 3145(+1.13% ) 最高: 3420(+9.97% ) 收: 3305(+6.27% ) 判定:強命中
🏄‍♀️ 3583  辛耘       振幅:+3.68%  昨收:  785 開:  788(+0.38% ) 最高:  855(+8.92% ) 收:  817(+4.08% ) 判定:可當沖
❌ 3450  聯鈞       振幅:-3.28%  昨收:  510 開:  519(+1.76% ) 最高:  519(+1.76% ) 收:  502(-1.57% ) 判定:失敗  
🏄‍♀️ 2344  華邦電     振幅:+1.73%  昨收:168.5 開:173.5(+2.97% ) 最高:  184(+9.2%  ) 收:176.5(+4.75% ) 判定:可當沖
❌ 2454  聯發科     振幅:-1.13%  昨收: 3995 開: 3970(-0.63% ) 最高: 4050(+1.38% ) 收: 3925(-1.75% ) 判定:失敗  
🏄‍♀️ 6669  緯穎       振幅:+0.4%   昨收: 5050 開: 5020(-0.59% ) 最高: 5215(+3.27% ) 收: 5040(-0.2%  ) 判定:可當沖
🔥 2408  南亞科     振幅:+5.19%  昨收:  396 開:  414(+4.55% ) 最高:435.5(+9.97% ) 收:435.5(+9.97% ) 判定:強命中
❌ 3044  健鼎       振幅:-2.29%  昨收:  472 開:  459(-2.75% ) 最高:464.5(-1.59% ) 收:448.5(-4.98% ) 判定:失敗  
❌ 3081  聯亞       振幅:-4.3%   昨收: 2095 開: 2095(+0%    ) 最高: 2120(+1.19% ) 收: 2005(-4.3%  ) 判定:失敗  
❌ 3017  奇鋐       振幅:-1.26%  昨收: 2325 開: 2380(+2.37% ) 最高: 2435(+4.73% ) 收: 2350(+1.08% ) 判定:失敗  
❌ 3363  上詮       振幅:-3.49%  昨收:  640 開:  630(-1.56% ) 最高:  633(-1.09% ) 收:  608(-5%    ) 判定:失敗  
🏄‍♀️ 3491  昇達科     振幅:+1.6%   昨收: 1270 開: 1250(-1.57% ) 最高: 1310(+3.15% ) 收: 1270(+0%    ) 判定:可當沖
❌ 2313  華通       振幅:-3.88%  昨收:  224 開:  232(+3.57% ) 最高:  237(+5.8%  ) 收:  223(-0.45% ) 判定:失敗  
❌ 3665  貿聯-KY    振幅:-2.1%   昨收: 1900 開: 1905(+0.26% ) 最高: 1910(+0.53% ) 收: 1865(-1.84% ) 判定:失敗  
❌ 4979  華星光     振幅:-1.48%  昨收:434.5 開:  439(+1.04% ) 最高:  443(+1.96% ) 收:432.5(-0.46% ) 判定:失敗  
❌ 1519  華城       振幅:-2.7%   昨收:  740 開:  741(+0.14% ) 最高:  743(+0.41% ) 收:  721(-2.57% ) 判定:失敗  "
2026-07-08,2026/07/08 18:31:05 TPE,12,1,2,1,6,2,33.3,"大盤 加權指數 開:45524.7(+0.1%  ) 高:45837.1(+0.79% ) 低:45036.6(-0.97% ) 收:45734.4(+0.56% ) 振幅:+0.46%  情緒:盤整
本次驗證 12 檔 🔥強命中 1 🏄‍♀️可當沖 2 🦐命中難追 1 ❌失敗 6 🎲中性 2。命中率 33.3%。
❌ 2059  川湖       振幅:-3.8%   昨收: 8260 開: 8415(+1.88% ) 最高: 8440(+2.18% ) 收: 8095(-2%    ) 判定:失敗  
🎲 2330  台積電     振幅:+0.82%  昨收: 2440 開: 2445(+0.2%  ) 最高: 2465(+1.02% ) 收: 2465(+1.02% ) 判定:中性  
❌ 6669  緯穎       振幅:-0.49%  昨收: 5015 開: 5075(+1.2%  ) 最高: 5085(+1.4%  ) 收: 5050(+0.7%  ) 判定:失敗  
❌ 3450  聯鈞       振幅:-0.97%  昨收:  495 開:  515(+4.04% ) 最高:  515(+4.04% ) 收:  510(+3.03% ) 判定:失敗  
❌ 2344  華邦電     振幅:-5.07%  昨收:  174 開:177.5(+2.01% ) 最高:181.5(+4.31% ) 收:168.5(-3.16% ) 判定:失敗  
❌ 2408  南亞科     振幅:-4.35%  昨收:  403 開:  414(+2.73% ) 最高:  422(+4.71% ) 收:  396(-1.74% ) 判定:失敗  
❌ 3665  貿聯-KY    振幅:-4.76%  昨收: 1980 開: 1995(+0.76% ) 最高: 1995(+0.76% ) 收: 1900(-4.04% ) 判定:失敗  
🦐 3363  上詮       振幅:+0.95%  昨收:  587 開:  634(+8.01% ) 最高:  645(+9.88% ) 收:  640(+9.03% ) 判定:命中難追
🏄‍♀️ 2313  華通       振幅:+1.82%  昨收:  218 開:  220(+0.92% ) 最高:  227(+4.13% ) 收:  224(+2.75% ) 判定:可當沖
🎲 3376  新日興     振幅:+1.29%  昨收:194.5 開:194.5(+0%    ) 最高:198.5(+2.06% ) 收:  197(+1.29% ) 判定:中性  
🔥 3081  聯亞       振幅:+7.99%  昨收: 1905 開: 1940(+1.84% ) 最高: 2095(+9.97% ) 收: 2095(+9.97% ) 判定:強命中
🏄‍♀️ 4979  華星光     振幅:+0.58%  昨收:  428 開:  432(+0.93% ) 最高:451.5(+5.49% ) 收:434.5(+1.52% ) 判定:可當沖"
2026-07-07,2026/07/07 18:31:03 TPE,20,0,7,0,13,0,35,"大盤 加權指數 開:46537.3(-0.04% ) 高:46967(+0.88% ) 低:45432(-2.42% ) 收:45479.1(-2.31% ) 振幅:-2.27%  情緒:偏空
本次驗證 20 檔 🔥強命中 0 🏄‍♀️可當沖 7 🦐命中難追 0 ❌失敗 13 🎲中性 0。命中率 35%。
🏄‍♀️ 6239  力成       振幅:-7.31%  昨收:344.5 開:  349(+1.31% ) 最高:  360(+4.5%  ) 收:323.5(-6.1%  ) 判定:可當沖
❌ 2467  志聖       振幅:-6.41%  昨收:  655 開:  655(+0%    ) 最高:  671(+2.44% ) 收:  613(-6.41% ) 判定:失敗  
❌ 2330  台積電     振幅:-1.61%  昨收: 2460 開: 2480(+0.81% ) 最高: 2500(+1.63% ) 收: 2440(-0.81% ) 判定:失敗  
🏄‍♀️ 6669  緯穎       振幅:-0.2%   昨收: 5035 開: 5025(-0.2%  ) 最高: 5235(+3.97% ) 收: 5015(-0.4%  ) 判定:可當沖
🏄‍♀️ 2408  南亞科     振幅:-4.73%  昨收:420.5 開:  423(+0.59% ) 最高:  437(+3.92% ) 收:  403(-4.16% ) 判定:可當沖
❌ 2345  智邦       振幅:-9.07%  昨收: 2645 開: 2700(+2.08% ) 最高: 2700(+2.08% ) 收: 2455(-7.18% ) 判定:失敗  
❌ 3583  辛耘       振幅:-6.05%  昨收:  860 開:  860(+0%    ) 最高:  878(+2.09% ) 收:  808(-6.05% ) 判定:失敗  
❌ 4967  十銓       振幅:-4.77%  昨收:  261 開:  262(+0.38% ) 最高:  262(+0.38% ) 收:249.5(-4.41% ) 判定:失敗  
❌ 3260  威剛       振幅:-3.12%  昨收:410.5 開:  417(+1.58% ) 最高:  418(+1.83% ) 收:  404(-1.58% ) 判定:失敗  
❌ 2454  聯發科     振幅:-4.05%  昨收: 4125 開: 4200(+1.82% ) 最高: 4250(+3.03% ) 收: 4030(-2.3%  ) 判定:失敗  
❌ 3443  創意       振幅:-6.08%  昨收: 4605 開: 4770(+3.58% ) 最高: 4830(+4.89% ) 收: 4480(-2.71% ) 判定:失敗  
❌ 3017  奇鋐       振幅:-8.24%  昨收: 2670 開: 2670(+0%    ) 最高: 2670(+0%    ) 收: 2450(-8.24% ) 判定:失敗  
❌ 2344  華邦電     振幅:-5.43%  昨收:  183 開:  184(+0.55% ) 最高:  186(+1.64% ) 收:  174(-4.92% ) 判定:失敗  
❌ 3131  弘塑       振幅:-7.01%  昨收: 3425 開: 3425(+0%    ) 最高: 3455(+0.88% ) 收: 3185(-7.01% ) 判定:失敗  
❌ 1519  華城       振幅:-3.61%  昨收:  773 開:  776(+0.39% ) 最高:  778(+0.65% ) 收:  748(-3.23% ) 判定:失敗  
❌ 2313  華通       振幅:-7.63%  昨收:  235 開:  236(+0.43% ) 最高:  236(+0.43% ) 收:  218(-7.23% ) 判定:失敗  
🏄‍♀️ 3665  貿聯-KY    振幅:-1.98%  昨收: 1945 開: 2020(+3.86% ) 最高: 2130(+9.51% ) 收: 1980(+1.8%  ) 判定:可當沖
🏄‍♀️ 3363  上詮       振幅:-2.98%  昨收:  574 開:  605(+5.4%  ) 最高:  631(+9.93% ) 收:  587(+2.26% ) 判定:可當沖
🏄‍♀️ 4979  華星光     振幅:-7.26%  昨收:  457 開:461.5(+0.98% ) 最高:  488(+6.78% ) 收:  428(-6.35% ) 判定:可當沖
🏄‍♀️ 3081             振幅:-5.93%  昨收: 2000 開: 2025(+1.25% ) 最高: 2120(+6%    ) 收: 1905(-4.75% ) 判定:可當沖"
2026-07-06,2026/07/06 18:31:04 TPE,15,0,4,0,11,0,26.7,"大盤 加權指數 開:46897.2(+0.25% ) 高:47395.3(+1.31% ) 低:46431.4(-0.75% ) 收:46556.4(-0.48% ) 振幅:-0.73%  情緒:盤整
本次驗證 15 檔 🔥強命中 0 🏄‍♀️可當沖 4 🦐命中難追 0 ❌失敗 11 🎲中性 0。命中率 26.7%。
❌ 2330  台積電     振幅:-0.2%   昨收: 2445 開: 2465(+0.82% ) 最高: 2500(+2.25% ) 收: 2460(+0.61% ) 判定:失敗  
❌ 3450  聯鈞       振幅:-6.31%  昨收:  530 開:  555(+4.72% ) 最高:  555(+4.72% ) 收:  520(-1.89% ) 判定:失敗  
🏄‍♀️ 6239  力成       振幅:-1.29%  昨收:  338 開:  349(+3.25% ) 最高:  360(+6.51% ) 收:344.5(+1.92% ) 判定:可當沖
❌ 3017  奇鋐       振幅:-4.3%   昨收: 2760 開: 2790(+1.09% ) 最高: 2790(+1.09% ) 收: 2670(-3.26% ) 判定:失敗  
❌ 4967             振幅:-0.76%  昨收:  260 開:  263(+1.15% ) 最高:  267(+2.69% ) 收:  261(+0.38% ) 判定:失敗  
🏄‍♀️ 2408  南亞科     振幅:-1.75%  昨收:409.5 開:  428(+4.52% ) 最高:  443(+8.18% ) 收:420.5(+2.69% ) 判定:可當沖
❌ 3260  威剛       振幅:-1.32%  昨收:411.5 開:  416(+1.09% ) 最高:  420(+2.07% ) 收:410.5(-0.24% ) 判定:失敗  
🏄‍♀️ 2344  華邦電     振幅:-4.19%  昨收:184.5 開:  191(+3.52% ) 最高:  200(+8.4%  ) 收:  183(-0.81% ) 判定:可當沖
❌ 3131  弘塑       振幅:-10.1%  昨收: 3785 開: 3810(+0.66% ) 最高: 3815(+0.79% ) 收: 3425(-9.51% ) 判定:失敗  
❌ 3583  辛耘       振幅:-0.23%  昨收:  851 開:  862(+1.29% ) 最高:  865(+1.65% ) 收:  860(+1.06% ) 判定:失敗  
❌ 3081  聯亞       振幅:-8.05%  昨收: 2100 開: 2175(+3.57% ) 最高: 2175(+3.57% ) 收: 2000(-4.76% ) 判定:失敗  
❌ 3665  貿聯-KY    振幅:-2.51%  昨收: 1995 開: 1995(+0%    ) 最高: 1995(+0%    ) 收: 1945(-2.51% ) 判定:失敗  
❌ 1519  華城       振幅:-0.64%  昨收:  773 開:  778(+0.65% ) 最高:  800(+3.49% ) 收:  773(+0%    ) 判定:失敗  
🏄‍♀️ 2313  華通       振幅:+0.86%  昨收:229.5 開:  233(+1.53% ) 最高:241.5(+5.23% ) 收:  235(+2.4%  ) 判定:可當沖
❌ 3363  上詮       振幅:-5.9%   昨收:  581 開:  610(+4.99% ) 最高:  618(+6.37% ) 收:  574(-1.2%  ) 判定:失敗  "
2026-07-03,2026/07/03 18:31:05 TPE,20,2,5,0,4,9,35,"大盤 加權指數 開:46545.1(-0.43% ) 高:46948.8(+0.44% ) 低:45880.7(-1.85% ) 收:46780.6(+0.08% ) 振幅:+0.51%  情緒:盤整
本次驗證 20 檔 🔥強命中 2 🏄‍♀️可當沖 5 🦐命中難追 0 ❌失敗 4 🎲中性 9。命中率 35%。
❌ 2449  京元電子   振幅:-0.74%  昨收:347.5 開:337.5(-2.88% ) 最高:337.5(-2.88% ) 收:  335(-3.6%  ) 判定:失敗  
❌ 3583             振幅:-5.86%  昨收:  908 開:  904(-0.44% ) 最高:  907(-0.11% ) 收:  851(-6.28% ) 判定:失敗  
❌ 2467  志聖       振幅:-4.65%  昨收:  658 開:  645(-1.98% ) 最高:  652(-0.91% ) 收:  615(-6.53% ) 判定:失敗  
🎲 2330  台積電     振幅:+1.24%  昨收: 2465 開: 2415(-2.03% ) 最高: 2465(+0%    ) 收: 2445(-0.81% ) 判定:中性  
❌ 3131  弘塑       振幅:-2.45%  昨收: 3905 開: 3880(-0.64% ) 最高: 3910(+0.13% ) 收: 3785(-3.07% ) 判定:失敗  
🎲 6669  緯穎       振幅:+1.64%  昨收: 5200 開: 5180(-0.38% ) 最高: 5280(+1.54% ) 收: 5265(+1.25% ) 判定:中性  
🎲 4967  十銓       振幅:+2.36%  昨收:  256 開:  254(-0.78% ) 最高:261.5(+2.15% ) 收:  260(+1.56% ) 判定:中性  
🏄‍♀️ 3017  奇鋐       振幅:+2.6%   昨收: 2740 開: 2690(-1.82% ) 最高: 2780(+1.46% ) 收: 2760(+0.73% ) 判定:可當沖
🎲 6285  啟碁       振幅:+0.58%  昨收:  258 開:256.5(-0.58% ) 最高:262.5(+1.74% ) 收:  258(+0%    ) 判定:中性  
🎲 3044  健鼎       振幅:+2.56%  昨收:  506 開:  507(+0.2%  ) 最高:  520(+2.77% ) 收:  520(+2.77% ) 判定:中性  
🏄‍♀️ 2408  南亞科     振幅:+2.63%  昨收:  407 開:  399(-1.97% ) 最高:419.5(+3.07% ) 收:409.5(+0.61% ) 判定:可當沖
🏄‍♀️ 2344  華邦電     振幅:+2.22%  昨收:183.5 開:180.5(-1.63% ) 最高:  188(+2.45% ) 收:184.5(+0.54% ) 判定:可當沖
🏄‍♀️ 6239  力成       振幅:+3.36%  昨收:333.5 開:  327(-1.95% ) 最高:  342(+2.55% ) 收:  338(+1.35% ) 判定:可當沖
🎲 2382  廣達       振幅:+2.17%  昨收:  369 開:  369(+0%    ) 最高:  378(+2.44% ) 收:  377(+2.17% ) 判定:中性  
🎲 3260  威剛       振幅:+1.86%  昨收:  408 開:  404(-0.98% ) 最高:411.5(+0.86% ) 收:411.5(+0.86% ) 判定:中性  
🎲 3665  貿聯-KY    振幅:+0.5%   昨收: 2040 開: 1985(-2.7%  ) 最高: 2015(-1.23% ) 收: 1995(-2.21% ) 判定:中性  
🏄‍♀️ 2313  華通       振幅:+2%     昨收:228.5 開:  225(-1.53% ) 最高:233.5(+2.19% ) 收:229.5(+0.44% ) 判定:可當沖
🔥 3081  聯亞       振幅:+8.53%  昨收: 1940 開: 1935(-0.26% ) 最高: 2105(+8.51% ) 收: 2100(+8.25% ) 判定:強命中
🔥 4979  華星光     振幅:+7.58%  昨收:  445 開:435.5(-2.13% ) 最高:  489(+9.89% ) 收:468.5(+5.28% ) 判定:強命中
🎲 1519  華城       振幅:+0.39%  昨收:  770 開:  770(+0%    ) 最高:  775(+0.65% ) 收:  773(+0.39% ) 判定:中性  "
2026-07-02,2026/07/02 14:14:52 TPE,20,6,8,0,1,5,70,"大盤 加權指數 開:46833.9(-0.39% ) 高:46910.3(-0.23% ) 低:45981.9(-2.21% ) 收:46744.2(-0.58% ) 振幅:-0.19%  情緒:盤整
本次驗證 20 檔 🔥強命中 6 🏄‍♀️可當沖 8 🦐命中難追 0 ❌失敗 1 🎲中性 5。命中率 70%。
🏄‍♀️ 3131  弘塑       振幅:+3.58%  昨收: 3690 開: 3770(+2.17% ) 最高: 4045(+9.62% ) 收: 3905(+5.83% ) 判定:可當沖
🏄‍♀️ 2345  智邦       振幅:+3.38%  昨收: 2660 開: 2660(+0%    ) 最高: 2780(+4.51% ) 收: 2750(+3.38% ) 判定:可當沖
🎲 2330  台積電     振幅:+0.61%  昨收: 2505 開: 2450(-2.2%  ) 最高: 2480(-1%    ) 收: 2465(-1.6%  ) 判定:中性  
🏄‍♀️ 2467  志聖       振幅:+3.79%  昨收:  646 開:  634(-1.86% ) 最高:  672(+4.02% ) 收:  658(+1.86% ) 判定:可當沖
🎲 3583  辛耘       振幅:+1%     昨收:  905 開:  899(-0.66% ) 最高:  925(+2.21% ) 收:  908(+0.33% ) 判定:中性  
❌ 2327  國巨       振幅:-3.65%  昨收: 1140 開: 1095(-3.95% ) 最高: 1125(-1.32% ) 收: 1055(-7.46% ) 判定:失敗  
🔥 2059  川湖       振幅:+6.85%  昨收: 7655 開: 7375(-3.66% ) 最高: 7880(+2.94% ) 收: 7880(+2.94% ) 判定:強命中
🎲 3680  家登       振幅:+0.91%  昨收:  558 開:  550(-1.43% ) 最高:  557(-0.18% ) 收:  555(-0.54% ) 判定:中性  
🎲 6239  力成       振幅:+1.99%  昨收:335.5 開:  327(-2.53% ) 最高:333.5(-0.6%  ) 收:333.5(-0.6%  ) 判定:中性  
🔥 6669  緯穎       振幅:+6.01%  昨收: 5035 開: 4905(-2.58% ) 最高: 5200(+3.28% ) 收: 5200(+3.28% ) 判定:強命中
🔥 2408  南亞科     振幅:+5.3%   昨收:  421 開:386.5(-8.19% ) 最高:  412(-2.14% ) 收:  407(-3.33% ) 判定:強命中
🔥 2344  華邦電     振幅:+4.26%  昨收:  190 開:  176(-7.37% ) 最高:  186(-2.11% ) 收:183.5(-3.42% ) 判定:強命中
🎲 2382  廣達       振幅:+0.82%  昨收:  372 開:  366(-1.61% ) 最高:  372(+0%    ) 收:  369(-0.81% ) 判定:中性  
🏄‍♀️ 5274  信驊       振幅:+3.62%  昨收:17145 開:17130(-0.09% ) 最高:17750(+3.53% ) 收:17750(+3.53% ) 判定:可當沖
🔥 4967  十銓       振幅:+6.44%  昨收:250.5 開:240.5(-3.99% ) 最高:256.5(+2.4%  ) 收:  256(+2.2%  ) 判定:強命中
🏄‍♀️ 8299  群聯       振幅:+3.7%   昨收: 2270 開: 2160(-4.85% ) 最高: 2240(-1.32% ) 收: 2240(-1.32% ) 判定:可當沖
🏄‍♀️ 6187  萬潤       振幅:-1.95%  昨收: 1065 開: 1025(-3.76% ) 最高: 1100(+3.29% ) 收: 1005(-5.63% ) 判定:可當沖
🏄‍♀️ 3665  貿聯-KY    振幅:+3.29%  昨收: 2010 開: 1975(-1.74% ) 最高: 2040(+1.49% ) 收: 2040(+1.49% ) 判定:可當沖
🔥 2313  華通       振幅:+5.54%  昨收:  220 開:216.5(-1.59% ) 最高:228.5(+3.86% ) 收:228.5(+3.86% ) 判定:強命中
🏄‍♀️ 3491  昇達科     振幅:+1.61%  昨收: 1260 開: 1245(-1.19% ) 最高: 1285(+1.98% ) 收: 1265(+0.4%  ) 判定:可當沖"
2026-06-30,2026/06/30 18:31:05 TPE,20,3,4,0,11,2,35,"大盤 加權指數 開:45165.8(+0.37% ) 高:46637.9(+3.64% ) 低:45165.8(+0.37% ) 收:46125.9(+2.5%  ) 振幅:+2.13%  情緒:偏多
本次驗證 20 檔 🔥強命中 3 🏄‍♀️可當沖 4 🦐命中難追 0 ❌失敗 11 🎲中性 2。命中率 35%。
🏄‍♀️ 3131  弘塑       振幅:-1.36%  昨收: 3560 開: 3680(+3.37% ) 最高: 3815(+7.16% ) 收: 3630(+1.97% ) 判定:可當沖
🏄‍♀️ 3583  辛耘       振幅:+1.57%  昨收:  861 開:  890(+3.37% ) 最高:  925(+7.43% ) 收:  904(+4.99% ) 判定:可當沖
❌ 2408  南亞科     振幅:-2.79%  昨收:  453 開:465.5(+2.76% ) 最高:465.5(+2.76% ) 收:452.5(-0.11% ) 判定:失敗  
❌ 2330  台積電     振幅:-1.23%  昨收: 2370 開: 2440(+2.95% ) 最高: 2475(+4.43% ) 收: 2410(+1.69% ) 判定:失敗  
❌ 2344  華邦電     振幅:-0.72%  昨收:  203 開:  209(+2.96% ) 最高:210.5(+3.69% ) 收:207.5(+2.22% ) 判定:失敗  
❌ 8299  群聯       振幅:-0.21%  昨收: 2340 開: 2390(+2.14% ) 最高: 2405(+2.78% ) 收: 2385(+1.92% ) 判定:失敗  
🏄‍♀️ 3680  家登       振幅:+1.6%   昨收:  489 開:  500(+2.25% ) 最高:  516(+5.52% ) 收:  508(+3.89% ) 判定:可當沖
🔥 6239  力成       振幅:+6.97%  昨收:  311 開:315.5(+1.45% ) 最高:  339(+9%    ) 收:337.5(+8.52% ) 判定:強命中
❌ 6669  緯穎       振幅:-1.28%  昨收: 4580 開: 4695(+2.51% ) 最高: 4720(+3.06% ) 收: 4635(+1.2%  ) 判定:失敗  
❌ 4967  十銓       振幅:-0.57%  昨收:  264 開:  265(+0.38% ) 最高:266.5(+0.95% ) 收:263.5(-0.19% ) 判定:失敗  
❌ 2308  台達電     振幅:-2.99%  昨收: 1905 開: 2010(+5.51% ) 最高: 2030(+6.56% ) 收: 1950(+2.36% ) 判定:失敗  
🔥 2467  志聖       振幅:+5.26%  昨收:  569 開:  589(+3.51% ) 最高:  625(+9.84% ) 收:  620(+8.96% ) 判定:強命中
❌ 3081  聯亞       振幅:-3.35%  昨收: 2035 開: 2090(+2.7%  ) 最高: 2120(+4.18% ) 收: 2020(-0.74% ) 判定:失敗  
❌ 3491  昇達科     振幅:-1.84%  昨收: 1310 開: 1360(+3.82% ) 最高: 1370(+4.58% ) 收: 1335(+1.91% ) 判定:失敗  
❌ 3363  上詮       振幅:-1.2%   昨收:  567 開:  585(+3.17% ) 最高:  592(+4.41% ) 收:  578(+1.94% ) 判定:失敗  
🎲 4979  華星光     振幅:+0.74%  昨收:456.5 開:470.5(+3.07% ) 最高:483.5(+5.91% ) 收:  474(+3.83% ) 判定:中性  
❌ 1519  華城       振幅:-3%     昨收:  783 開:  800(+2.17% ) 最高:  800(+2.17% ) 收:  776(-0.89% ) 判定:失敗  
🏄‍♀️ 2313  華通       振幅:+1.53%  昨收:  221 開:  229(+3.62% ) 最高:  236(+6.79% ) 收:232.5(+5.2%  ) 判定:可當沖
🎲 3665  貿聯-KY    振幅:+0.79%  昨收: 1880 開: 1900(+1.06% ) 最高: 1950(+3.72% ) 收: 1915(+1.86% ) 判定:中性  
🔥 3017  奇鋐       振幅:+6.09%  昨收: 2300 開: 2380(+3.48% ) 最高: 2530(+10%   ) 收: 2525(+9.78% ) 判定:強命中"
2026-06-29,2026/06/29 18:31:06 TPE,20,3,4,0,9,4,35,"大盤 加權指數 開:44594.8(+0.05% ) 高:45521.6(+2.13% ) 低:44594.8(+0.05% ) 收:44999.9(+0.96% ) 振幅:+0.91%  情緒:盤整
本次驗證 20 檔 🔥強命中 3 🏄‍♀️可當沖 4 🦐命中難追 0 ❌失敗 9 🎲中性 4。命中率 35%。
❌ 2449             振幅:-0.8%   昨收:  308 開:  311(+0.97% ) 最高:  316(+2.6%  ) 收:308.5(+0.16% ) 判定:失敗  
❌ 5285  界霖       振幅:-1%     昨收: 99.8 開: 99.8(+0%    ) 最高:  101(+1.2%  ) 收: 98.8(-1%    ) 判定:失敗  
❌ 2408  南亞科     振幅:-0.66%  昨收:  449 開:  456(+1.56% ) 最高:  465(+3.56% ) 收:  453(+0.89% ) 判定:失敗  
❌ 2344  華邦電     振幅:-2.87%  昨收:206.5 開:  209(+1.21% ) 最高:212.5(+2.91% ) 收:  203(-1.69% ) 判定:失敗  
❌ 3450  聯鈞       振幅:-3.81%  昨收:  530 開:  525(-0.94% ) 最高:  525(-0.94% ) 收:  505(-4.72% ) 判定:失敗  
🔥 3131  弘塑       振幅:+7.39%  昨收: 3310 開: 3315(+0.15% ) 最高: 3640(+9.97% ) 收: 3560(+7.55% ) 判定:強命中
🏄‍♀️ 6191  精成科     振幅:+1.44%  昨收:100.5 開:104.5(+3.98% ) 最高:110.5(+9.95% ) 收:  106(+5.47% ) 判定:可當沖
❌ 6239  力成       振幅:-1.27%  昨收:  314 開:  315(+0.32% ) 最高:315.5(+0.48% ) 收:  311(-0.96% ) 判定:失敗  
❌ 2313  華通       振幅:-0.67%  昨收:222.5 開:222.5(+0%    ) 最高:  228(+2.47% ) 收:  221(-0.67% ) 判定:失敗  
🔥 3583  辛耘       振幅:+5.77%  昨收:  812 開:  814(+0.25% ) 最高:  885(+8.99% ) 收:  861(+6.03% ) 判定:強命中
🎲 2330  台積電     振幅:+1.72%  昨收: 2340 開: 2330(-0.43% ) 最高: 2395(+2.35% ) 收: 2370(+1.28% ) 判定:中性  
🔥 6669  緯穎       振幅:+5.29%  昨收: 4280 開: 4350(+1.64% ) 最高: 4705(+9.93% ) 收: 4580(+7.01% ) 判定:強命中
❌ 2382  廣達       振幅:-0.27%  昨收:  362 開:  368(+1.66% ) 最高:  372(+2.76% ) 收:  367(+1.38% ) 判定:失敗  
❌ 4967  十銓       振幅:-1.49%  昨收:  265 開:  268(+1.13% ) 最高:  270(+1.89% ) 收:  264(-0.38% ) 判定:失敗  
🎲 3260  威剛       振幅:+1.25%  昨收:397.5 開:  399(+0.38% ) 最高:406.5(+2.26% ) 收:  404(+1.64% ) 判定:中性  
🏄‍♀️ 3363  上詮       振幅:-0.53%  昨收:  575 開:  570(-0.87% ) 最高:  591(+2.78% ) 收:  567(-1.39% ) 判定:可當沖
🏄‍♀️ 3491  昇達科     振幅:+3.97%  昨收: 1230 開: 1260(+2.44% ) 最高: 1345(+9.35% ) 收: 1310(+6.5%  ) 判定:可當沖
🎲 3081  聯亞       振幅:+0.74%  昨收: 2035 開: 2020(-0.74% ) 最高: 2040(+0.25% ) 收: 2035(+0%    ) 判定:中性  
🏄‍♀️ 3665  貿聯-KY    振幅:+1.35%  昨收: 1855 開: 1855(+0%    ) 最高: 1915(+3.23% ) 收: 1880(+1.35% ) 判定:可當沖
🎲 1519  華城       振幅:+0.26%  昨收:  780 開:  781(+0.13% ) 最高:  804(+3.08% ) 收:  783(+0.38% ) 判定:中性  "
2026-06-26,2026/06/26 18:31:03 TPE,12,0,3,0,9,0,25,"大盤 加權指數 開:46188.6(-0.14% ) 高:46188.6(-0.14% ) 低:44454.2(-3.89% ) 收:44571.8(-3.64% ) 振幅:-3.5%   情緒:偏空
本次驗證 12 檔 🔥強命中 0 🏄‍♀️可當沖 3 🦐命中難追 0 ❌失敗 9 🎲中性 0。命中率 25%。
🏄‍♀️ 2449  京元電子   振幅:-6.67%  昨收:334.5 開:  330(-1.35% ) 最高:349.5(+4.48% ) 收:  308(-7.92% ) 判定:可當沖
❌ 2409  友達       振幅:-6.83%  昨收: 30.4 開:   30(-1.32% ) 最高: 30.1(-0.82% ) 收:   28(-8.06% ) 判定:失敗  
🏄‍♀️ 2408  南亞科     振幅:-6.46%  昨收:  477 開:  480(+0.63% ) 最高:  498(+4.4%  ) 收:  449(-5.87% ) 判定:可當沖
❌ 2344  華邦電     振幅:-6.14%  昨收:219.5 開:  220(+0.23% ) 最高:  225(+2.51% ) 收:206.5(-5.92% ) 判定:失敗  
❌ 3044  健鼎       振幅:-3.42%  昨收:  532 開:  526(-1.13% ) 最高:  535(+0.56% ) 收:  508(-4.51% ) 判定:失敗  
❌ 2330  台積電     振幅:-0.85%  昨收: 2390 開: 2360(-1.26% ) 最高: 2370(-0.84% ) 收: 2340(-2.09% ) 判定:失敗  
❌ 8299  群聯       振幅:-7.41%  昨收: 2475 開: 2495(+0.81% ) 最高: 2540(+2.63% ) 收: 2310(-6.67% ) 判定:失敗  
❌ 2329  華泰       振幅:-4.81%  昨收: 56.9 開: 56.1(-1.41% ) 最高: 56.8(-0.18% ) 收: 53.4(-6.15% ) 判定:失敗  
❌ 4967  十銓       振幅:-4.33%  昨收:  276 開:  277(+0.36% ) 最高:280.5(+1.63% ) 收:  265(-3.99% ) 判定:失敗  
🏄‍♀️ 6239  力成       振幅:-3.68%  昨收:  326 開:  326(+0%    ) 最高:  338(+3.68% ) 收:  314(-3.68% ) 判定:可當沖
❌ 3017  奇鋐       振幅:-8.89%  昨收: 2505 開: 2475(-1.2%  ) 最高: 2475(-1.2%  ) 收: 2255(-9.98% ) 判定:失敗  
❌ 3413             振幅:-3.24%  昨收:  309 開:  309(+0%    ) 最高:314.5(+1.78% ) 收:  299(-3.24% ) 判定:失敗  "
2026-06-25,2026/06/25 18:31:05 TPE,15,0,2,0,12,1,13.3,"本次驗證 15 檔 🔥強命中 0 🏄‍♀️可當沖 2 🦐命中難追 0 ❌失敗 12 🎲中性 1。命中率 13.3%。
❌ 8299  群聯       振幅:-4.99%  昨收: 2500 開: 2605(+4.2%  ) 最高: 2640(+5.6%  ) 收: 2475(-1%    ) 判定:失敗  
❌ 3131  弘塑       振幅:-2.72%  昨收: 3595 開: 3670(+2.09% ) 最高: 3680(+2.36% ) 收: 3570(-0.7%  ) 判定:失敗  
❌ 2303  聯電       振幅:-2.72%  昨收:  178 開:183.5(+3.09% ) 最高:185.5(+4.21% ) 收:178.5(+0.28% ) 判定:失敗  
❌ 3711  日月光投控 振幅:-5.6%   昨收:  653 開:  679(+3.98% ) 最高:  679(+3.98% ) 收:  641(-1.84% ) 判定:失敗  
❌ 3450  聯鈞       振幅:-1.51%  昨收:  581 開:  595(+2.41% ) 最高:  607(+4.48% ) 收:  586(+0.86% ) 判定:失敗  
❌ 2449  京元電子   振幅:-1.18%  昨收:333.5 開:338.5(+1.5%  ) 最高:  347(+4.05% ) 收:334.5(+0.3%  ) 判定:失敗  
🎲 3481  群創       振幅:+0.57%  昨收: 69.4 開: 70.5(+1.59% ) 最高:   72(+3.75% ) 收: 70.9(+2.16% ) 判定:中性  
❌ 2330  台積電     振幅:-0.83%  昨收: 2390 開: 2410(+0.84% ) 最高: 2420(+1.26% ) 收: 2390(+0%    ) 判定:失敗  
❌ 2408  南亞科     振幅:-0.42%  昨收:443.5 開:  479(+8%    ) 最高:  483(+8.91% ) 收:  477(+7.55% ) 判定:失敗  
🏄‍♀️ 6239  力成       振幅:-6.86%  昨收:  338 開:  350(+3.55% ) 最高:  362(+7.1%  ) 收:  326(-3.55% ) 判定:可當沖
❌ 4967  十銓       振幅:-2.65%  昨收:  278 開:283.5(+1.98% ) 最高:  286(+2.88% ) 收:  276(-0.72% ) 判定:失敗  
❌ 2345  智邦       振幅:-4.23%  昨收: 2375 開: 2485(+4.63% ) 最高: 2545(+7.16% ) 收: 2380(+0.21% ) 判定:失敗  
❌ 3260  威剛       振幅:-2.73%  昨收:408.5 開:  421(+3.06% ) 最高:  423(+3.55% ) 收:409.5(+0.24% ) 判定:失敗  
🏄‍♀️ 2329  華泰       振幅:+0.71%  昨收: 56.1 開: 56.5(+0.71% ) 最高: 58.2(+3.74% ) 收: 56.9(+1.43% ) 判定:可當沖
❌ 3363  上詮       振幅:-7.36%  昨收:  670 開:  679(+1.34% ) 最高:  680(+1.49% ) 收:  629(-6.12% ) 判定:失敗  "
2026-06-25,2026/06/25 18:30:05 TPE,15,0,2,0,12,1,13.3,"本次驗證 15 檔 🔥強命中 0 🏄‍♀️可當沖 2 🦐命中難追 0 ❌失敗 12 🎲中性 1。命中率 13.3%。
❌ 8299  群聯       振幅:-4.99%  昨收: 2500 開: 2605(+4.2%  ) 最高: 2640(+5.6%  ) 收: 2475(-1%    ) 判定:失敗  
❌ 3131  弘塑       振幅:-2.72%  昨收: 3595 開: 3670(+2.09% ) 最高: 3680(+2.36% ) 收: 3570(-0.7%  ) 判定:失敗  
❌ 2303  聯電       振幅:-2.72%  昨收:  178 開:183.5(+3.09% ) 最高:185.5(+4.21% ) 收:178.5(+0.28% ) 判定:失敗  
❌ 3711  日月光投控 振幅:-5.6%   昨收:  653 開:  679(+3.98% ) 最高:  679(+3.98% ) 收:  641(-1.84% ) 判定:失敗  
❌ 3450  聯鈞       振幅:-1.51%  昨收:  581 開:  595(+2.41% ) 最高:  607(+4.48% ) 收:  586(+0.86% ) 判定:失敗  
❌ 2449  京元電子   振幅:-1.18%  昨收:333.5 開:338.5(+1.5%  ) 最高:  347(+4.05% ) 收:334.5(+0.3%  ) 判定:失敗  
🎲 3481  群創       振幅:+0.57%  昨收: 69.4 開: 70.5(+1.59% ) 最高:   72(+3.75% ) 收: 70.9(+2.16% ) 判定:中性  
❌ 2330  台積電     振幅:-0.83%  昨收: 2390 開: 2410(+0.84% ) 最高: 2420(+1.26% ) 收: 2390(+0%    ) 判定:失敗  
❌ 2408  南亞科     振幅:-0.42%  昨收:443.5 開:  479(+8%    ) 最高:  483(+8.91% ) 收:  477(+7.55% ) 判定:失敗  
🏄‍♀️ 6239  力成       振幅:-6.86%  昨收:  338 開:  350(+3.55% ) 最高:  362(+7.1%  ) 收:  326(-3.55% ) 判定:可當沖
❌ 4967  十銓       振幅:-2.65%  昨收:  278 開:283.5(+1.98% ) 最高:  286(+2.88% ) 收:  276(-0.72% ) 判定:失敗  
❌ 2345  智邦       振幅:-4.23%  昨收: 2375 開: 2485(+4.63% ) 最高: 2545(+7.16% ) 收: 2380(+0.21% ) 判定:失敗  
❌ 3260  威剛       振幅:-2.73%  昨收:408.5 開:  421(+3.06% ) 最高:  423(+3.55% ) 收:409.5(+0.24% ) 判定:失敗  
🏄‍♀️ 2329  華泰       振幅:+0.71%  昨收: 56.1 開: 56.5(+0.71% ) 最高: 58.2(+3.74% ) 收: 56.9(+1.43% ) 判定:可當沖
❌ 3363  上詮       振幅:-7.36%  昨收:  670 開:  679(+1.34% ) 最高:  680(+1.49% ) 收:  629(-6.12% ) 判定:失敗  "
2026-06-25,2026/06/25 16:15:05 TPE,15,0,2,0,12,1,13.3,"大盤 加權指數 開:46339.7(+0.64% ) 高:46785.4(+1.61% ) 低:46048.7(+0.01% ) 收:46255.3(+0.46% ) 振幅:-0.18%  情緒:盤整
本次驗證 15 檔 🔥強命中 0 🏄‍♀️可當沖 2 🦐命中難追 0 ❌失敗 12 🎲中性 1。命中率 13.3%。
❌ 8299  群聯       振幅:-4.99%  昨收: 2500 開: 2605(+4.2%  ) 最高: 2640(+5.6%  ) 收: 2475(-1%    ) 判定:失敗  
❌ 3131  弘塑       振幅:-2.72%  昨收: 3595 開: 3670(+2.09% ) 最高: 3680(+2.36% ) 收: 3570(-0.7%  ) 判定:失敗  
❌ 2303  聯電       振幅:-2.72%  昨收:  178 開:183.5(+3.09% ) 最高:185.5(+4.21% ) 收:178.5(+0.28% ) 判定:失敗  
❌ 3711  日月光投控 振幅:-5.6%   昨收:  653 開:  679(+3.98% ) 最高:  679(+3.98% ) 收:  641(-1.84% ) 判定:失敗  
❌ 3450  聯鈞       振幅:-1.51%  昨收:  581 開:  595(+2.41% ) 最高:  607(+4.48% ) 收:  586(+0.86% ) 判定:失敗  
❌ 2449  京元電子   振幅:-1.18%  昨收:333.5 開:338.5(+1.5%  ) 最高:  347(+4.05% ) 收:334.5(+0.3%  ) 判定:失敗  
🎲 3481  群創       振幅:+0.57%  昨收: 69.4 開: 70.5(+1.59% ) 最高:   72(+3.75% ) 收: 70.9(+2.16% ) 判定:中性  
❌ 2330  台積電     振幅:-0.83%  昨收: 2390 開: 2410(+0.84% ) 最高: 2420(+1.26% ) 收: 2390(+0%    ) 判定:失敗  
❌ 2408  南亞科     振幅:-0.42%  昨收:443.5 開:  479(+8%    ) 最高:  483(+8.91% ) 收:  477(+7.55% ) 判定:失敗  
🏄‍♀️ 6239  力成       振幅:-6.86%  昨收:  338 開:  350(+3.55% ) 最高:  362(+7.1%  ) 收:  326(-3.55% ) 判定:可當沖
❌ 4967  十銓       振幅:-2.65%  昨收:  278 開:283.5(+1.98% ) 最高:  286(+2.88% ) 收:  276(-0.72% ) 判定:失敗  
❌ 2345  智邦       振幅:-4.23%  昨收: 2375 開: 2485(+4.63% ) 最高: 2545(+7.16% ) 收: 2380(+0.21% ) 判定:失敗  
❌ 3260  威剛       振幅:-2.73%  昨收:408.5 開:  421(+3.06% ) 最高:  423(+3.55% ) 收:409.5(+0.24% ) 判定:失敗  
🏄‍♀️ 2329  華泰       振幅:+0.71%  昨收: 56.1 開: 56.5(+0.71% ) 最高: 58.2(+3.74% ) 收: 56.9(+1.43% ) 判定:可當沖
❌ 3363  上詮       振幅:-7.36%  昨收:  670 開:  679(+1.34% ) 最高:  680(+1.49% ) 收:  629(-6.12% ) 判定:失敗  "
2026-06-25,2026/06/25 14:20:43 TPE,15,0,2,0,12,1,13.3,"本次驗證 15 檔 🔥強命中 0 🏄‍♀️可當沖 2 🦐命中難追 0 ❌失敗 12 🎲中性 1。命中率 13.3%。
❌ 8299  群聯       振幅:-4.99%  昨收: 2500 開: 2605(+4.2%  ) 最高: 2640(+5.6%  ) 收: 2475(-1%    ) 判定:失敗  
❌ 3131  弘塑       振幅:-2.72%  昨收: 3595 開: 3670(+2.09% ) 最高: 3680(+2.36% ) 收: 3570(-0.7%  ) 判定:失敗  
❌ 2303  聯電       振幅:-2.72%  昨收:  178 開:183.5(+3.09% ) 最高:185.5(+4.21% ) 收:178.5(+0.28% ) 判定:失敗  
❌ 3711  日月光投控 振幅:-5.6%   昨收:  653 開:  679(+3.98% ) 最高:  679(+3.98% ) 收:  641(-1.84% ) 判定:失敗  
❌ 3450  聯鈞       振幅:-1.51%  昨收:  581 開:  595(+2.41% ) 最高:  607(+4.48% ) 收:  586(+0.86% ) 判定:失敗  
❌ 2449  京元電子   振幅:-1.18%  昨收:333.5 開:338.5(+1.5%  ) 最高:  347(+4.05% ) 收:334.5(+0.3%  ) 判定:失敗  
🎲 3481  群創       振幅:+0.57%  昨收: 69.4 開: 70.5(+1.59% ) 最高:   72(+3.75% ) 收: 70.9(+2.16% ) 判定:中性  
❌ 2330  台積電     振幅:-0.83%  昨收: 2390 開: 2410(+0.84% ) 最高: 2420(+1.26% ) 收: 2390(+0%    ) 判定:失敗  
❌ 2408  南亞科     振幅:-0.42%  昨收:443.5 開:  479(+8%    ) 最高:  483(+8.91% ) 收:  477(+7.55% ) 判定:失敗  
🏄‍♀️ 6239  力成       振幅:-6.86%  昨收:  338 開:  350(+3.55% ) 最高:  362(+7.1%  ) 收:  326(-3.55% ) 判定:可當沖
❌ 4967  十銓       振幅:-2.65%  昨收:  278 開:283.5(+1.98% ) 最高:  286(+2.88% ) 收:  276(-0.72% ) 判定:失敗  
❌ 2345  智邦       振幅:-4.23%  昨收: 2375 開: 2485(+4.63% ) 最高: 2545(+7.16% ) 收: 2380(+0.21% ) 判定:失敗  
❌ 3260  威剛       振幅:-2.73%  昨收:408.5 開:  421(+3.06% ) 最高:  423(+3.55% ) 收:409.5(+0.24% ) 判定:失敗  
🏄‍♀️ 2329  華泰       振幅:+0.71%  昨收: 56.1 開: 56.5(+0.71% ) 最高: 58.2(+3.74% ) 收: 56.9(+1.43% ) 判定:可當沖
❌ 3363  上詮       振幅:-7.36%  昨收:  670 開:  679(+1.34% ) 最高:  680(+1.49% ) 收:  629(-6.12% ) 判定:失敗  "
2026-06-24,2026/06/24 18:31:03 TPE,10,1,4,0,4,1,50,"本次驗證 10 檔 🔥強命中 1 🏄‍♀️可當沖 4 🦐命中難追 0 ❌失敗 4 🎲中性 1。命中率 50%。
❌ 2454  聯發科     振幅:-4.35%  昨收: 4535 開: 4480(-1.21% ) 最高: 4515(-0.44% ) 收: 4285(-5.51% ) 判定:失敗  
🏄‍♀️ 3450  聯鈞       振幅:-0.85%  昨收:  612 開:  586(-4.25% ) 最高:  604(-1.31% ) 收:  581(-5.07% ) 判定:可當沖
🏄‍♀️ 2303  聯電       振幅:+3.49%  昨收:  170 開:  172(+1.18% ) 最高:185.5(+9.12% ) 收:  178(+4.71% ) 判定:可當沖
❌ 3583  辛耘       振幅:-0.92%  昨收:  882 開:  866(-1.81% ) 最高:  876(-0.68% ) 收:  858(-2.72% ) 判定:失敗  
🔥 3481  群創       振幅:+6.77%  昨收:   66 開:   65(-1.52% ) 最高: 72.6(+10%   ) 收: 69.4(+5.15% ) 判定:強命中
🎲 6669  緯穎       振幅:+0.11%  昨收: 4675 開: 4600(-1.6%  ) 最高: 4645(-0.64% ) 收: 4605(-1.5%  ) 判定:中性  
🏄‍♀️ 2408  南亞科     振幅:+0.8%   昨收:454.5 開:  440(-3.19% ) 最高:  457(+0.55% ) 收:443.5(-2.42% ) 判定:可當沖
❌ 3081  聯亞       振幅:-2.05%  昨收: 2285 開: 2200(-3.72% ) 最高: 2245(-1.75% ) 收: 2155(-5.69% ) 判定:失敗  
❌ 1519  華城       振幅:-0.85%  昨收:  813 開:  826(+1.6%  ) 最高:  837(+2.95% ) 收:  819(+0.74% ) 判定:失敗  
🏄‍♀️ 3665  貿聯-KY    振幅:+0.5%   昨收: 2000 開: 1995(-0.25% ) 最高: 2075(+3.75% ) 收: 2005(+0.25% ) 判定:可當沖"
2026-06-24,2026/06/24 18:30:04 TPE,10,1,4,0,4,1,50,"本次驗證 10 檔 🔥強命中 1 🏄‍♀️可當沖 4 🦐命中難追 0 ❌失敗 4 🎲中性 1。命中率 50%。
❌ 2454  聯發科     振幅:-4.35%  昨收: 4535 開: 4480(-1.21% ) 最高: 4515(-0.44% ) 收: 4285(-5.51% ) 判定:失敗  
🏄‍♀️ 3450  聯鈞       振幅:-0.85%  昨收:  612 開:  586(-4.25% ) 最高:  604(-1.31% ) 收:  581(-5.07% ) 判定:可當沖
🏄‍♀️ 2303  聯電       振幅:+3.49%  昨收:  170 開:  172(+1.18% ) 最高:185.5(+9.12% ) 收:  178(+4.71% ) 判定:可當沖
❌ 3583  辛耘       振幅:-0.92%  昨收:  882 開:  866(-1.81% ) 最高:  876(-0.68% ) 收:  858(-2.72% ) 判定:失敗  
🔥 3481  群創       振幅:+6.77%  昨收:   66 開:   65(-1.52% ) 最高: 72.6(+10%   ) 收: 69.4(+5.15% ) 判定:強命中
🎲 6669  緯穎       振幅:+0.11%  昨收: 4675 開: 4600(-1.6%  ) 最高: 4645(-0.64% ) 收: 4605(-1.5%  ) 判定:中性  
🏄‍♀️ 2408  南亞科     振幅:+0.8%   昨收:454.5 開:  440(-3.19% ) 最高:  457(+0.55% ) 收:443.5(-2.42% ) 判定:可當沖
❌ 3081  聯亞       振幅:-2.05%  昨收: 2285 開: 2200(-3.72% ) 最高: 2245(-1.75% ) 收: 2155(-5.69% ) 判定:失敗  
❌ 1519  華城       振幅:-0.85%  昨收:  813 開:  826(+1.6%  ) 最高:  837(+2.95% ) 收:  819(+0.74% ) 判定:失敗  
🏄‍♀️ 3665  貿聯-KY    振幅:+0.5%   昨收: 2000 開: 1995(-0.25% ) 最高: 2075(+3.75% ) 收: 2005(+0.25% ) 判定:可當沖"
2026-06-23,2026/06/23 19:50:03 TPE,20,1,2,0,17,0,15,"本次驗證 20 檔 🔥強命中 1 🏄‍♀️可當沖 2 🦐命中難追 0 ❌失敗 17 🎲中性 0。命中率 15%。
🏄‍♀️ 3037  欣興       振幅:-2.6%   昨收: 1005 開: 1000(-0.5%  ) 最高: 1075(+6.97% ) 收:  974(-3.08% ) 判定:可當沖
❌ 2408  南亞科     振幅:-6.86%  昨收:  505 開:  488(-3.37% ) 最高:  500(-0.99% ) 收:454.5(-10%   ) 判定:失敗  
❌ 2382  廣達       振幅:-2.23%  昨收:  380 開:  381(+0.26% ) 最高:  381(+0.26% ) 收:372.5(-1.97% ) 判定:失敗  
❌ 6187  萬潤       振幅:-7.87%  昨收: 1260 開: 1270(+0.79% ) 最高: 1270(+0.79% ) 收: 1170(-7.14% ) 判定:失敗  
❌ 2330  台積電     振幅:-0.8%   昨收: 2510 開: 2510(+0%    ) 最高: 2535(+1%    ) 收: 2490(-0.8%  ) 判定:失敗  
❌ 6239  力成       振幅:-6.01%  昨收:  366 開:  366(+0%    ) 最高:366.5(+0.14% ) 收:  344(-6.01% ) 判定:失敗  
🔥 3450  聯鈞       振幅:+7.37%  昨收:  557 開:  570(+2.33% ) 最高:  612(+9.87% ) 收:  612(+9.87% ) 判定:強命中
❌ 2303  聯電       振幅:-1.73%  昨收:  160 開:  173(+8.13% ) 最高:  176(+10%   ) 收:  170(+6.25% ) 判定:失敗  
❌ 5347  世界先進   振幅:-7.44%  昨收:191.5 開:201.5(+5.22% ) 最高:201.5(+5.22% ) 收:186.5(-2.61% ) 判定:失敗  
❌ 6669  緯穎       振幅:-5.17%  昨收: 4855 開: 4930(+1.54% ) 最高: 4930(+1.54% ) 收: 4675(-3.71% ) 判定:失敗  
❌ 3260  威剛       振幅:-5.5%   昨收:  434 開:  436(+0.46% ) 最高:  436(+0.46% ) 收:  412(-5.07% ) 判定:失敗  
🏄‍♀️ 2449  京元電子   振幅:-2.66%  昨收:  339 開:338.5(-0.15% ) 最高:353.5(+4.28% ) 收:329.5(-2.8%  ) 判定:可當沖
❌ 4967  十銓       振幅:-5.39%  昨收:284.5 開:287.5(+1.05% ) 最高:287.5(+1.05% ) 收:  272(-4.39% ) 判定:失敗  
❌ 2329  華泰       振幅:-6.39%  昨收: 58.5 開: 59.5(+1.71% ) 最高: 59.5(+1.71% ) 收: 55.7(-4.79% ) 判定:失敗  
❌ 8299  群聯       振幅:-5.26%  昨收: 2580 開: 2565(-0.58% ) 最高: 2590(+0.39% ) 收: 2430(-5.81% ) 判定:失敗  
❌ 3017  奇鋐       振幅:-1.22%  昨收: 2420 開: 2455(+1.45% ) 最高: 2475(+2.27% ) 收: 2425(+0.21% ) 判定:失敗  
❌ 4979  華星光     振幅:-6.42%  昨收:  552 開:  561(+1.63% ) 最高:  568(+2.9%  ) 收:  525(-4.89% ) 判定:失敗  
❌ 3081  聯亞       振幅:-4.99%  昨收: 2375 開: 2405(+1.26% ) 最高: 2440(+2.74% ) 收: 2285(-3.79% ) 判定:失敗  
❌ 3324  雙鴻       振幅:-4.65%  昨收: 1075 開: 1075(+0%    ) 最高: 1080(+0.47% ) 收: 1025(-4.65% ) 判定:失敗  
❌ 1519  華城       振幅:-3.1%   昨收:  831 開:  839(+0.96% ) 最高:  848(+2.05% ) 收:  813(-2.17% ) 判定:失敗  "
2026-06-22,2026/06/22 19:02:20 TPE,14,2,3,1,6,2,42.9,"本次驗證 14 檔 🔥強命中 2 🏄‍♀️可當沖 3 🦐命中難追 1 ❌失敗 6 🎲中性 2。命中率 42.9%。
🔥 2408  南亞科     振幅:+4.34%  昨收:459.5 開:  484(+5.33% ) 最高:  505(+9.9%  ) 收:  505(+9.9%  ) 判定:強命中
❌ 2344  華邦電     振幅:-3.27%  昨收:218.5 開:229.5(+5.03% ) 最高:233.5(+6.86% ) 收:  222(+1.6%  ) 判定:失敗  
🏄‍♀️ 6239  力成       振幅:+0.27%  昨收:363.5 開:  365(+0.41% ) 最高:377.5(+3.85% ) 收:  366(+0.69% ) 判定:可當沖
❌ 3583  辛耘       振幅:-3.05%  昨收:  889 開:  917(+3.15% ) 最高:  939(+5.62% ) 收:  889(+0%    ) 判定:失敗  
❌ 8299  群聯       振幅:-0.77%  昨收: 2530 開: 2600(+2.77% ) 最高: 2670(+5.53% ) 收: 2580(+1.98% ) 判定:失敗  
🏄‍♀️ 3131  弘塑       振幅:-1.51%  昨收: 3520 開: 3640(+3.41% ) 最高: 3815(+8.38% ) 收: 3585(+1.85% ) 判定:可當沖
❌ 6187  萬潤       振幅:-2.33%  昨收: 1235 開: 1290(+4.45% ) 最高: 1290(+4.45% ) 收: 1260(+2.02% ) 判定:失敗  
🎲 2330  台積電     振幅:+2.24%  昨收: 2410 開: 2455(+1.87% ) 最高: 2510(+4.15% ) 收: 2510(+4.15% ) 判定:中性  
🦐 3711  日月光投控 振幅:+2.12%  昨收:  613 開:  660(+7.67% ) 最高:  674(+9.95% ) 收:  674(+9.95% ) 判定:命中難追
🎲 2303  聯電       振幅:+0%     昨收:145.5 開:  160(+9.97% ) 最高:  160(+9.97% ) 收:  160(+9.97% ) 判定:中性  
❌ 3532  台勝科     振幅:-0.92%  昨收:  390 開:  382(-2.05% ) 最高:  388(-0.51% ) 收:378.5(-2.95% ) 判定:失敗  
🔥 2449  京元電子   振幅:+7.96%  昨收:308.5 開:  314(+1.78% ) 最高:  339(+9.89% ) 收:  339(+9.89% ) 判定:強命中
🏄‍♀️ 2329  華泰       振幅:+2.81%  昨收: 55.6 開: 56.9(+2.34% ) 最高:   59(+6.12% ) 收: 58.5(+5.22% ) 判定:可當沖
❌ 3044  健鼎       振幅:-4.07%  昨收:  573 開:  590(+2.97% ) 最高:  598(+4.36% ) 收:  566(-1.22% ) 判定:失敗  "
2026-06-19,2026/06/19 18:30:06 TPE,20,8,2,1,4,5,55,"本次驗證 20 檔 🔥強命中 8 🏄‍♀️可當沖 2 🦐命中難追 1 ❌失敗 4 🎲中性 5。命中率 55%。
🔥 3131  弘塑       振幅:+5.71%  昨收: 3245 開: 3330(+2.62% ) 最高: 3565(+9.86% ) 收: 3520(+8.47% ) 判定:強命中
🔥 3450  聯鈞       振幅:+8.45%  昨收:  514 開:  521(+1.36% ) 最高:  565(+9.92% ) 收:  565(+9.92% ) 判定:強命中
🎲 5274  信驊       振幅:+1.94%  昨收:18485 開:18600(+0.62% ) 最高:19070(+3.16% ) 收:18960(+2.57% ) 判定:中性  
🦐 4551  智伸科     振幅:+0.23%  昨收:201.5 開:  221(+9.68% ) 最高:221.5(+9.93% ) 收:221.5(+9.93% ) 判定:命中難追
🎲 2330  台積電     振幅:+0.63%  昨收: 2385 開: 2395(+0.42% ) 最高: 2415(+1.26% ) 收: 2410(+1.05% ) 判定:中性  
🏄‍♀️ 2408  南亞科     振幅:+3.61%  昨收:  437 開:443.5(+1.49% ) 最高:459.5(+5.15% ) 收:459.5(+5.15% ) 判定:可當沖
🔥 2344  華邦電     振幅:+7.37%  昨收:  199 開:203.5(+2.26% ) 最高:218.5(+9.8%  ) 收:218.5(+9.8%  ) 判定:強命中
🔥 6239  力成       振幅:+5.67%  昨收:  345 開:  344(-0.29% ) 最高:369.5(+7.1%  ) 收:363.5(+5.36% ) 判定:強命中
❌ 3532  台勝科     振幅:-0.13%  昨收:395.5 開:390.5(-1.26% ) 最高:  395(-0.13% ) 收:  390(-1.39% ) 判定:失敗  
🔥 6187  萬潤       振幅:+6.01%  昨收: 1155 開: 1165(+0.87% ) 最高: 1245(+7.79% ) 收: 1235(+6.93% ) 判定:強命中
🔥 8299  群聯       振幅:+7.66%  昨收: 2330 開: 2350(+0.86% ) 最高: 2535(+8.8%  ) 收: 2530(+8.58% ) 判定:強命中
🎲 3260  威剛       振幅:+0.71%  昨收:  416 開:  420(+0.96% ) 最高:  425(+2.16% ) 收:  423(+1.68% ) 判定:中性  
🔥 3583  辛耘       振幅:+7.37%  昨收:  827 開:  828(+0.12% ) 最高:  895(+8.22% ) 收:  889(+7.5%  ) 判定:強命中
🔥 1905  華紙       振幅:+7.21%  昨收: 15.6 開: 15.9(+2.57% ) 最高: 17.1(+9.97% ) 收: 17.1(+9.97% ) 判定:強命中
🎲 3017  奇鋐       振幅:+0%     昨收: 2365 開: 2400(+1.48% ) 最高: 2425(+2.54% ) 收: 2400(+1.48% ) 判定:中性  
🎲 4967  十銓       振幅:+0.54%  昨收:  275 開:  277(+0.73% ) 最高:  280(+1.82% ) 收:278.5(+1.27% ) 判定:中性  
❌ 2368  金像電     振幅:-1.81%  昨收: 1370 開: 1380(+0.73% ) 最高: 1390(+1.46% ) 收: 1355(-1.09% ) 判定:失敗  
❌ 2313  華通       振幅:-2.44%  昨收:  264 開:  266(+0.76% ) 最高:267.5(+1.33% ) 收:259.5(-1.7%  ) 判定:失敗  
🏄‍♀️ 1519  華城       振幅:+3.35%  昨收:  803 開:  806(+0.37% ) 最高:  833(+3.74% ) 收:  833(+3.74% ) 判定:可當沖
❌ 2367  燿華       振幅:-1.61%  昨收: 62.5 開: 62.3(-0.32% ) 最高: 62.5(+0%    ) 收: 61.3(-1.92% ) 判定:失敗  "
2026-06-19,2026/06/19 15:42:45 TPE,20,8,2,1,4,5,55,"本次驗證 20 檔 🔥強命中 8 🏄‍♀️可當沖 2 🦐命中難追 1 ❌失敗 4 🎲中性 5。命中率 55%。
🔥 3131  弘塑       振幅:+5.71%  昨收: 3245 開: 3330(+2.62% ) 最高: 3565(+9.86% ) 收: 3520(+8.47% ) 判定:強命中
🔥 3450  聯鈞       振幅:+8.45%  昨收:  514 開:  521(+1.36% ) 最高:  565(+9.92% ) 收:  565(+9.92% ) 判定:強命中
🎲 5274  信驊       振幅:+1.94%  昨收:18485 開:18600(+0.62% ) 最高:19070(+3.16% ) 收:18960(+2.57% ) 判定:中性  
🦐 4551  智伸科     振幅:+0.23%  昨收:201.5 開:  221(+9.68% ) 最高:221.5(+9.93% ) 收:221.5(+9.93% ) 判定:命中難追
🎲 2330  台積電     振幅:+0.63%  昨收: 2385 開: 2395(+0.42% ) 最高: 2415(+1.26% ) 收: 2410(+1.05% ) 判定:中性  
🏄‍♀️ 2408  南亞科     振幅:+3.61%  昨收:  437 開:443.5(+1.49% ) 最高:459.5(+5.15% ) 收:459.5(+5.15% ) 判定:可當沖
🔥 2344  華邦電     振幅:+7.37%  昨收:  199 開:203.5(+2.26% ) 最高:218.5(+9.8%  ) 收:218.5(+9.8%  ) 判定:強命中
🔥 6239  力成       振幅:+5.67%  昨收:  345 開:  344(-0.29% ) 最高:369.5(+7.1%  ) 收:363.5(+5.36% ) 判定:強命中
❌ 3532  台勝科     振幅:-0.13%  昨收:395.5 開:390.5(-1.26% ) 最高:  395(-0.13% ) 收:  390(-1.39% ) 判定:失敗  
🔥 6187  萬潤       振幅:+6.01%  昨收: 1155 開: 1165(+0.87% ) 最高: 1245(+7.79% ) 收: 1235(+6.93% ) 判定:強命中
🔥 8299  群聯       振幅:+7.66%  昨收: 2330 開: 2350(+0.86% ) 最高: 2535(+8.8%  ) 收: 2530(+8.58% ) 判定:強命中
🎲 3260  威剛       振幅:+0.71%  昨收:  416 開:  420(+0.96% ) 最高:  425(+2.16% ) 收:  423(+1.68% ) 判定:中性  
🔥 3583  辛耘       振幅:+7.37%  昨收:  827 開:  828(+0.12% ) 最高:  895(+8.22% ) 收:  889(+7.5%  ) 判定:強命中
🔥 1905  華紙       振幅:+7.21%  昨收: 15.6 開: 15.9(+2.57% ) 最高: 17.1(+9.97% ) 收: 17.1(+9.97% ) 判定:強命中
🎲 3017  奇鋐       振幅:+0%     昨收: 2365 開: 2400(+1.48% ) 最高: 2425(+2.54% ) 收: 2400(+1.48% ) 判定:中性  
🎲 4967  十銓       振幅:+0.54%  昨收:  275 開:  277(+0.73% ) 最高:  280(+1.82% ) 收:278.5(+1.27% ) 判定:中性  
❌ 2368  金像電     振幅:-1.81%  昨收: 1370 開: 1380(+0.73% ) 最高: 1390(+1.46% ) 收: 1355(-1.09% ) 判定:失敗  
❌ 2313  華通       振幅:-2.44%  昨收:  264 開:  266(+0.76% ) 最高:267.5(+1.33% ) 收:259.5(-1.7%  ) 判定:失敗  
🏄‍♀️ 1519  華城       振幅:+3.35%  昨收:  803 開:  806(+0.37% ) 最高:  833(+3.74% ) 收:  833(+3.74% ) 判定:可當沖
❌ 2367  燿華       振幅:-1.61%  昨收: 62.5 開: 62.3(-0.32% ) 最高: 62.5(+0%    ) 收: 61.3(-1.92% ) 判定:失敗  "
2026-06-19,2026/06/19 15:05:58 TPE,20,8,2,1,4,5,55,"本次驗證 20 檔 🔥強命中 8 🏄‍♀️可當沖 2 🦐命中難追 1 ❌失敗 4 🎲中性 5。命中率 55%。
🔥 3131  弘塑       振幅:+5.71%  昨收: 3245 開: 3330(+2.62% ) 最高: 3565(+9.86% ) 收: 3520(+8.47% ) 判定:強命中
🔥 3450  聯鈞       振幅:+8.45%  昨收:  514 開:  521(+1.36% ) 最高:  565(+9.92% ) 收:  565(+9.92% ) 判定:強命中
🎲 5274  信驊       振幅:+1.94%  昨收:18485 開:18600(+0.62% ) 最高:19070(+3.16% ) 收:18960(+2.57% ) 判定:中性  
🦐 4551  智伸科     振幅:+0.23%  昨收:201.5 開:  221(+9.68% ) 最高:221.5(+9.93% ) 收:221.5(+9.93% ) 判定:命中難追
🎲 2330  台積電     振幅:+0.63%  昨收: 2385 開: 2395(+0.42% ) 最高: 2415(+1.26% ) 收: 2410(+1.05% ) 判定:中性  
🏄‍♀️ 2408  南亞科     振幅:+3.61%  昨收:  437 開:443.5(+1.49% ) 最高:459.5(+5.15% ) 收:459.5(+5.15% ) 判定:可當沖
🔥 2344  華邦電     振幅:+7.37%  昨收:  199 開:203.5(+2.26% ) 最高:218.5(+9.8%  ) 收:218.5(+9.8%  ) 判定:強命中
🔥 6239  力成       振幅:+5.67%  昨收:  345 開:  344(-0.29% ) 最高:369.5(+7.1%  ) 收:363.5(+5.36% ) 判定:強命中
❌ 3532  台勝科     振幅:-0.13%  昨收:395.5 開:390.5(-1.26% ) 最高:  395(-0.13% ) 收:  390(-1.39% ) 判定:失敗  
🔥 6187  萬潤       振幅:+6.01%  昨收: 1155 開: 1165(+0.87% ) 最高: 1245(+7.79% ) 收: 1235(+6.93% ) 判定:強命中
🔥 8299  群聯       振幅:+7.66%  昨收: 2330 開: 2350(+0.86% ) 最高: 2535(+8.8%  ) 收: 2530(+8.58% ) 判定:強命中
🎲 3260  威剛       振幅:+0.71%  昨收:  416 開:  420(+0.96% ) 最高:  425(+2.16% ) 收:  423(+1.68% ) 判定:中性  
🔥 3583  辛耘       振幅:+7.37%  昨收:  827 開:  828(+0.12% ) 最高:  895(+8.22% ) 收:  889(+7.5%  ) 判定:強命中
🔥 1905  華紙       振幅:+7.21%  昨收: 15.6 開: 15.9(+2.57% ) 最高: 17.1(+9.97% ) 收: 17.1(+9.97% ) 判定:強命中
🎲 3017  奇鋐       振幅:+0%     昨收: 2365 開: 2400(+1.48% ) 最高: 2425(+2.54% ) 收: 2400(+1.48% ) 判定:中性  
🎲 4967  十銓       振幅:+0.54%  昨收:  275 開:  277(+0.73% ) 最高:  280(+1.82% ) 收:278.5(+1.27% ) 判定:中性  
❌ 2368  金像電     振幅:-1.81%  昨收: 1370 開: 1380(+0.73% ) 最高: 1390(+1.46% ) 收: 1355(-1.09% ) 判定:失敗  
❌ 2313  華通       振幅:-2.44%  昨收:  264 開:  266(+0.76% ) 最高:267.5(+1.33% ) 收:259.5(-1.7%  ) 判定:失敗  
🏄‍♀️ 1519  華城       振幅:+3.35%  昨收:  803 開:  806(+0.37% ) 最高:  833(+3.74% ) 收:  833(+3.74% ) 判定:可當沖
❌ 2367  燿華       振幅:-1.61%  昨收: 62.5 開: 62.3(-0.32% ) 最高: 62.5(+0%    ) 收: 61.3(-1.92% ) 判定:失敗  "
2026-06-18,2026/06/18 18:30:06 TPE,20,6,3,0,5,6,45,"本次驗證 20 檔 🔥強命中 6 🏄‍♀️可當沖 3 🦐命中難追 0 ❌失敗 5 🎲中性 6。命中率 45%。
🏄‍♀️ 2408  南亞科     振幅:+3.61%  昨收:  437 開:443.5(+1.49% ) 最高:459.5(+5.15% ) 收:459.5(+5.15% ) 判定:可當沖
🔥 6187  萬潤       振幅:+6.01%  昨收: 1155 開: 1165(+0.87% ) 最高: 1245(+7.79% ) 收: 1235(+6.93% ) 判定:強命中
🎲 2382  廣達       振幅:+0.4%   昨收:  374 開:374.5(+0.13% ) 最高:379.5(+1.47% ) 收:  376(+0.53% ) 判定:中性  
❌ 3532  台勝科     振幅:-0.13%  昨收:395.5 開:390.5(-1.26% ) 最高:  395(-0.13% ) 收:  390(-1.39% ) 判定:失敗  
🔥 2344  華邦電     振幅:+7.37%  昨收:  199 開:203.5(+2.26% ) 最高:218.5(+9.8%  ) 收:218.5(+9.8%  ) 判定:強命中
🔥 3450  聯鈞       振幅:+8.45%  昨收:  514 開:  521(+1.36% ) 最高:  565(+9.92% ) 收:  565(+9.92% ) 判定:強命中
🏄‍♀️ 3481  群創       振幅:+3.87%  昨收: 58.6 開:   62(+5.8%  ) 最高: 64.4(+9.9%  ) 收: 64.4(+9.9%  ) 判定:可當沖
❌ 2454  聯發科     振幅:-3.2%   昨收: 4460 開: 4535(+1.68% ) 最高: 4590(+2.91% ) 收: 4390(-1.57% ) 判定:失敗  
🔥 6239  力成       振幅:+5.67%  昨收:  345 開:  344(-0.29% ) 最高:369.5(+7.1%  ) 收:363.5(+5.36% ) 判定:強命中
🔥 3583  辛耘       振幅:+7.37%  昨收:  827 開:  828(+0.12% ) 最高:  895(+8.22% ) 收:  889(+7.5%  ) 判定:強命中
❌ 2313  華通       振幅:-2.44%  昨收:  264 開:  266(+0.76% ) 最高:267.5(+1.33% ) 收:259.5(-1.7%  ) 判定:失敗  
🎲 3260  威剛       振幅:+0.71%  昨收:  416 開:  420(+0.96% ) 最高:  425(+2.16% ) 收:  423(+1.68% ) 判定:中性  
🎲 3017  奇鋐       振幅:+0%     昨收: 2365 開: 2400(+1.48% ) 最高: 2425(+2.54% ) 收: 2400(+1.48% ) 判定:中性  
🎲 4967  十銓       振幅:+0.54%  昨收:  275 開:  277(+0.73% ) 最高:  280(+1.82% ) 收:278.5(+1.27% ) 判定:中性  
❌ 6669  緯穎       振幅:-0.39%  昨收: 5080 開: 5150(+1.38% ) 最高: 5250(+3.35% ) 收: 5130(+0.98% ) 判定:失敗  
🔥 8299  群聯       振幅:+7.66%  昨收: 2330 開: 2350(+0.86% ) 最高: 2535(+8.8%  ) 收: 2530(+8.58% ) 判定:強命中
🎲 3324  雙鴻       振幅:+0.47%  昨收: 1050 開: 1065(+1.43% ) 最高: 1085(+3.33% ) 收: 1070(+1.9%  ) 判定:中性  
🎲 3491  昇達科     振幅:+0%     昨收: 1550 開: 1560(+0.65% ) 最高: 1575(+1.61% ) 收: 1560(+0.65% ) 判定:中性  
❌ 2317  鴻海       振幅:-0.74%  昨收:  272 開:270.5(-0.55% ) 最高:271.5(-0.18% ) 收:268.5(-1.29% ) 判定:失敗  
🏄‍♀️ 1519  華城       振幅:+3.35%  昨收:  803 開:  806(+0.37% ) 最高:  833(+3.74% ) 收:  833(+3.74% ) 判定:可當沖"
2026-06-17,2026/06/17 18:30:05 TPE,13,3,6,0,2,2,69.2,"本次驗證 13 檔 🔥強命中 3 🏄‍♀️可當沖 6 🦐命中難追 0 ❌失敗 2 🎲中性 2。命中率 69.2%。
🔥 3481  群創       振幅:+10.15% 昨收: 53.3 開: 53.2(-0.19% ) 最高: 58.6(+9.94% ) 收: 58.6(+9.94% ) 判定:強命中
🏄‍♀️ 2382  廣達       振幅:+3.6%   昨收:362.5 開:  361(-0.41% ) 最高:  374(+3.17% ) 收:  374(+3.17% ) 判定:可當沖
🏄‍♀️ 3450             振幅:+2.19%  昨收:499.5 開:  503(+0.7%  ) 最高:  525(+5.11% ) 收:  514(+2.9%  ) 判定:可當沖
🏄‍♀️ 3231  緯創       振幅:+2.52%  昨收:  158 開:158.5(+0.32% ) 最高:164.5(+4.11% ) 收:162.5(+2.85% ) 判定:可當沖
❌ 8299  群聯       振幅:-0.43%  昨收: 2375 開: 2340(-1.47% ) 最高: 2355(-0.84% ) 收: 2330(-1.89% ) 判定:失敗  
🏄‍♀️ 3491  昇達科     振幅:-1.27%  昨收: 1570 開: 1570(+0%    ) 最高: 1625(+3.5%  ) 收: 1550(-1.27% ) 判定:可當沖
🏄‍♀️ 4906  正文       振幅:+3.44%  昨收: 42.9 開: 42.2(-1.63% ) 最高: 44.5(+3.61% ) 收: 43.7(+1.75% ) 判定:可當沖
🏄‍♀️ 3081  聯亞       振幅:+0.67%  昨收: 2280 開: 2230(-2.19% ) 最高: 2335(+2.41% ) 收: 2245(-1.54% ) 判定:可當沖
🔥 2313  華通       振幅:+5.6%   昨收:  249 開:  250(+0.4%  ) 最高:  268(+7.63% ) 收:  264(+6.02% ) 判定:強命中
🎲 3548  兆利       振幅:+1.01%  昨收:   90 開:   89(-1.11% ) 最高: 91.5(+1.67% ) 收: 89.9(-0.11% ) 判定:中性  
🔥 6669  緯穎       振幅:+4.1%   昨收: 4880 開: 4880(+0%    ) 最高: 5085(+4.2%  ) 收: 5080(+4.1%  ) 判定:強命中
❌ 3665  貿聯-KY    振幅:-2.56%  昨收: 2120 開: 2145(+1.18% ) 最高: 2150(+1.42% ) 收: 2090(-1.42% ) 判定:失敗  
🎲 1519  華城       振幅:+0.38%  昨收:  781 開:  800(+2.43% ) 最高:  813(+4.1%  ) 收:  803(+2.82% ) 判定:中性  "
2026-06-17,2026/06/17 13:32:04 TPE,13,2,7,0,2,2,69.2,"本次驗證 13 檔 🔥強命中 2 🏄‍♀️可當沖 7 🦐命中難追 0 ❌失敗 2 🎲中性 2。命中率 69.2%。
🔥 3481  群創       振幅:+10.15% 昨收: 53.3 開: 53.2(-0.19% ) 最高: 58.6(+9.94% ) 收: 58.6(+9.94% ) 判定:強命中
🏄‍♀️ 2382  廣達       振幅:+3.19%  昨收:362.5 開:  361(-0.41% ) 最高:  373(+2.9%  ) 收:372.5(+2.76% ) 判定:可當沖
🏄‍♀️ 3450             振幅:+3.78%  昨收:499.5 開:  503(+0.7%  ) 最高:  525(+5.11% ) 收:  522(+4.5%  ) 判定:可當沖
🏄‍♀️ 3231  緯創       振幅:+2.21%  昨收:  158 開:158.5(+0.32% ) 最高:164.5(+4.11% ) 收:  162(+2.53% ) 判定:可當沖
❌ 8299  群聯       振幅:-1.5%   昨收: 2375 開: 2340(-1.47% ) 最高: 2355(-0.84% ) 收: 2305(-2.95% ) 判定:失敗  
🏄‍♀️ 3491  昇達科     振幅:-0.32%  昨收: 1570 開: 1570(+0%    ) 最高: 1625(+3.5%  ) 收: 1565(-0.32% ) 判定:可當沖
🏄‍♀️ 4906  正文       振幅:+3.55%  昨收: 42.9 開: 42.2(-1.63% ) 最高: 44.5(+3.61% ) 收: 43.7(+1.86% ) 判定:可當沖
🏄‍♀️ 3081  聯亞       振幅:+1.12%  昨收: 2280 開: 2230(-2.19% ) 最高: 2335(+2.41% ) 收: 2255(-1.1%  ) 判定:可當沖
🔥 2313  華通       振幅:+5.8%   昨收:  249 開:  250(+0.4%  ) 最高:  268(+7.63% ) 收:264.5(+6.22% ) 判定:強命中
🎲 3548  兆利       振幅:+1.01%  昨收:   90 開:   89(-1.11% ) 最高: 91.5(+1.67% ) 收: 89.9(-0.11% ) 判定:中性  
🏄‍♀️ 6669  緯穎       振幅:+3.69%  昨收: 4880 開: 4880(+0%    ) 最高: 5085(+4.2%  ) 收: 5060(+3.69% ) 判定:可當沖
❌ 3665  貿聯-KY    振幅:-3.03%  昨收: 2120 開: 2145(+1.18% ) 最高: 2150(+1.42% ) 收: 2080(-1.89% ) 判定:失敗  
🎲 1519  華城       振幅:+0.38%  昨收:  781 開:  800(+2.43% ) 最高:  813(+4.1%  ) 收:  803(+2.82% ) 判定:中性  "
2026-06-16,2026/06/16 18:30:05 TPE,20,4,1,14,25,"本次驗證 20 檔，強命中 4 檔，普通命中 1 檔，失敗 14 檔。今日命中率 25%。
❌ 2344  華邦電     昨收:  189 開:198.5(+5.03% ) 最高:  201(+6.35% ) 收:  197(+4.23% ) 判定:失敗  
⚪ 2330  台積電     昨收: 2375 開: 2375(+0%    ) 最高: 2400(+1.05% ) 收: 2400(+1.05% ) 判定:未明確
🔥 3532  台勝科     昨收:  359 開:  370(+3.06% ) 最高:394.5(+9.89% ) 收:394.5(+9.89% ) 判定:強命中
🔥 2408  南亞科     昨收:395.5 開:402.5(+1.77% ) 最高:432.5(+9.36% ) 收:  425(+7.46% ) 判定:強命中
🔥 6239  力成       昨收:  327 開:  329(+0.61% ) 最高:  357(+9.17% ) 收:346.5(+5.96% ) 判定:強命中
❌ 3450             昨收:  507 開:  518(+2.17% ) 最高:  542(+6.9%  ) 收:499.5(-1.48% ) 判定:失敗  
❌ 3711  日月光投控 昨收:  590 開:  600(+1.69% ) 最高:  600(+1.69% ) 收:  592(+0.34% ) 判定:失敗  
❌ 2382  廣達       昨收:  370 開:371.5(+0.41% ) 最高:372.5(+0.68% ) 收:362.5(-2.03% ) 判定:失敗  
✅ 8299  群聯       昨收: 2320 開: 2350(+1.29% ) 最高: 2400(+3.45% ) 收: 2375(+2.37% ) 判定:普通命中
🔥 4979  華星光     昨收:  550 開:  552(+0.36% ) 最高:  575(+4.55% ) 收:  568(+3.27% ) 判定:強命中
❌ 3491  昇達科     昨收: 1555 開: 1595(+2.57% ) 最高: 1670(+7.4%  ) 收: 1570(+0.96% ) 判定:失敗  
❌ 4967  十銓       昨收:  277 開:  281(+1.44% ) 最高:281.5(+1.62% ) 收:  275(-0.72% ) 判定:失敗  
❌ 3661  世芯-KY    昨收: 4250 開: 4335(+2%    ) 最高: 4335(+2%    ) 收: 4315(+1.53% ) 判定:失敗  
❌ 3081  聯亞       昨收: 2335 開: 2385(+2.14% ) 最高: 2465(+5.57% ) 收: 2280(-2.36% ) 判定:失敗  
❌ 3260  威剛       昨收:  423 開:  430(+1.65% ) 最高:  434(+2.6%  ) 收:  417(-1.42% ) 判定:失敗  
❌ 2313  華通       昨收:257.5 開:  263(+2.14% ) 最高:267.5(+3.88% ) 收:  249(-3.3%  ) 判定:失敗  
❌ 6669  緯穎       昨收: 4900 開: 5030(+2.65% ) 最高: 5085(+3.78% ) 收: 4880(-0.41% ) 判定:失敗  
❌ 3017  奇鋐       昨收: 2410 開: 2455(+1.87% ) 最高: 2470(+2.49% ) 收: 2370(-1.66% ) 判定:失敗  
❌ 3363  上詮       昨收:  707 開:  710(+0.42% ) 最高:  739(+4.53% ) 收:  707(+0%    ) 判定:失敗  
❌ 4977  眾達-KY    昨收:  180 開:  184(+2.22% ) 最高:  190(+5.56% ) 收:180.5(+0.28% ) 判定:失敗  "
2026-06-16,2026/06/16 13:36:14 TPE,16,3,4,0,6,3,43.8,"本次驗證 16 檔 🔥強命中 3 🏄‍♀️可當沖 4 🦐命中難追 0 ❌失敗 6 🎲中性 3。命中率 43.8%。
🔥 3532  台勝科     振幅:+6.62%  昨收:  359 開:  370(+3.06% ) 最高:394.5(+9.89% ) 收:394.5(+9.89% ) 判定:強命中
❌ 2344  華邦電     振幅:-1.01%  昨收:  189 開:198.5(+5.03% ) 最高:  201(+6.35% ) 收:196.5(+3.97% ) 判定:失敗
🔥 2408  南亞科     振幅:+5.34%  昨收:395.5 開:402.5(+1.77% ) 最高:432.5(+9.36% ) 收:  424(+7.21% ) 判定:強命中
🎲 8299  群聯       振幅:+1.91%  昨收: 2320 開: 2350(+1.29% ) 最高: 2400(+3.45% ) 收: 2395(+3.23% ) 判定:中性
❌ 4967  十銓       振幅:-1.6%   昨收:  277 開:  281(+1.44% ) 最高:281.5(+1.62% ) 收:276.5(-0.18% ) 判定:失敗
❌ 3260  威剛       振幅:-1.98%  昨收:  423 開:  430(+1.65% ) 最高:  434(+2.6%  ) 收:421.5(-0.35% ) 判定:失敗
🔥 6239  力成       振幅:+5.47%  昨收:  327 開:  329(+0.61% ) 最高:  357(+9.17% ) 收:  347(+6.12% ) 判定:強命中
🏄‍♀️ 3081  聯亞       振幅:-3.56%  昨收: 2335 開: 2385(+2.14% ) 最高: 2465(+5.57% ) 收: 2300(-1.5%  ) 判定:可當沖
🏄‍♀️ 4979  華星光     振幅:+3.26%  昨收:  550 開:  552(+0.36% ) 最高:  575(+4.55% ) 收:  570(+3.64% ) 判定:可當沖
🎲 2330  台積電     振幅:+0.42%  昨收: 2375 開: 2375(+0%    ) 最高: 2390(+0.63% ) 收: 2385(+0.42% ) 判定:中性
🎲 2454  聯發科     振幅:+0.11%  昨收: 4470 開: 4550(+1.79% ) 最高: 4565(+2.13% ) 收: 4555(+1.9%  ) 判定:中性
❌ 3711  日月光投控 振幅:-1.17%  昨收:  590 開:  600(+1.69% ) 最高:  600(+1.69% ) 收:  593(+0.51% ) 判定:失敗
🏄‍♀️ 3450  聯鈞       振幅:-2.9%   昨收:  507 開:  518(+2.17% ) 最高:  542(+6.9%  ) 收:  503(-0.79% ) 判定:可當沖
❌ 2313  華通       振幅:-5.13%  昨收:257.5 開:  263(+2.14% ) 最高:267.5(+3.88% ) 收:249.5(-3.11% ) 判定:失敗
🏄‍♀️ 3491  昇達科     振幅:-0.63%  昨收: 1555 開: 1595(+2.57% ) 最高: 1670(+7.4%  ) 收: 1585(+1.93% ) 判定:可當沖
❌ 2303  聯電       振幅:-2.43%  昨收:141.5 開:  144(+1.77% ) 最高:144.5(+2.12% ) 收:140.5(-0.71% ) 判定:失敗  "
2026-06-15,2026/06/15 18:30:05 TPE,15,6,1,8,46.7,"本次驗證 15 檔，強命中 6 檔，普通命中 1 檔，失敗 8 檔。今日命中率 46.7%。
❌ 8299  群聯       昨收: 2310 開: 2395(+3.68% ) 最高: 2400(+3.9%  ) 收: 2320(+0.43% ) 判定:失敗
🔥 3260  威剛       昨收:405.5 開:414.5(+2.22% ) 最高:  435(+7.27% ) 收:  423(+4.32% ) 判定:強命中
✅ 4967  十銓       昨收:  272 開:276.5(+1.65% ) 最高:  285(+4.78% ) 收:  277(+1.84% ) 判定:普通命中
🔥 3532  台勝科     昨收:326.5 開:349.5(+7.04% ) 最高:  359(+9.95% ) 收:  359(+9.95% ) 判定:強命中
🔥 2344  華邦電     昨收:  172 開:179.5(+4.36% ) 最高:  189(+9.88% ) 收:  189(+9.88% ) 判定:強命中
🔥 2408  南亞科     昨收:  374 開:  391(+4.55% ) 最高:399.5(+6.82% ) 收:395.5(+5.75% ) 判定:強命中
🔥 4979  華星光     昨收:  501 開:  522(+4.19% ) 最高:  550(+9.78% ) 收:  550(+9.78% ) 判定:強命中
❌ 2345  智邦       昨收: 2335 開: 2435(+4.28% ) 最高: 2475(+6%    ) 收: 2430(+4.07% ) 判定:失敗
❌ 3163  波若威     昨收:  860 開:  880(+2.33% ) 最高:  892(+3.72% ) 收:  860(+0%    ) 判定:失敗
🔥 2454  聯發科     昨收: 4180 開: 4355(+4.19% ) 最高: 4545(+8.73% ) 收: 4470(+6.94% ) 判定:強命中
❌ 3363  上詮       昨收:  737 開:  754(+2.31% ) 最高:  757(+2.71% ) 收:  707(-4.07% ) 判定:失敗
❌ 3711  日月光投控 昨收:  590 開:  619(+4.92% ) 最高:  623(+5.59% ) 收:  590(+0%    ) 判定:失敗
❌ 3583  辛耘       昨收:  803 開:  821(+2.24% ) 最高:  832(+3.61% ) 收:  817(+1.74% ) 判定:失敗
❌ 3017  奇鋐       昨收: 2405 開: 2475(+2.91% ) 最高: 2475(+2.91% ) 收: 2410(+0.21% ) 判定:失敗
❌ 3131  弘塑       昨收: 3230 開: 3300(+2.17% ) 最高: 3385(+4.8%  ) 收: 3215(-0.46% ) 判定:失敗  "
2026-06-15,2026/06/15 17:00:13 TPE,15,2,3,1,8,1,40,"本次驗證 15 檔 🔥強命中 2 🏄‍♀️可當沖 3 🦐命中難追 1 ❌失敗 8 🎲中性 1。命中率 40%。
❌ 8299  群聯       振幅:-3.13%  昨收: 2310 開: 2395(+3.68% ) 最高: 2400(+3.9%  ) 收: 2320(+0.43% ) 判定:失敗
🏄‍♀️ 3260  威剛       振幅:+2.05%  昨收:405.5 開:414.5(+2.22% ) 最高:  435(+7.27% ) 收:  423(+4.32% ) 判定:可當沖
🏄‍♀️ 4967  十銓       振幅:+0.18%  昨收:  272 開:276.5(+1.65% ) 最高:  285(+4.78% ) 收:  277(+1.84% ) 判定:可當沖
🦐 3532  台勝科     振幅:+2.72%  昨收:326.5 開:349.5(+7.04% ) 最高:  359(+9.95% ) 收:  359(+9.95% ) 判定:命中難追
🔥 2344  華邦電     振幅:+5.29%  昨收:  172 開:179.5(+4.36% ) 最高:  189(+9.88% ) 收:  189(+9.88% ) 判定:強命中
🎲 2408  南亞科     振幅:+1.15%  昨收:  374 開:  391(+4.55% ) 最高:399.5(+6.82% ) 收:395.5(+5.75% ) 判定:中性
🔥 4979  華星光     振幅:+5.36%  昨收:  501 開:  522(+4.19% ) 最高:  550(+9.78% ) 收:  550(+9.78% ) 判定:強命中
❌ 2345  智邦       振幅:-0.21%  昨收: 2335 開: 2435(+4.28% ) 最高: 2475(+6%    ) 收: 2430(+4.07% ) 判定:失敗
❌ 3163  波若威     振幅:-2.27%  昨收:  860 開:  880(+2.33% ) 最高:  892(+3.72% ) 收:  860(+0%    ) 判定:失敗
🏄‍♀️ 2454  聯發科     振幅:+2.64%  昨收: 4180 開: 4355(+4.19% ) 最高: 4545(+8.73% ) 收: 4470(+6.94% ) 判定:可當沖
❌ 3363  上詮       振幅:-6.23%  昨收:  737 開:  754(+2.31% ) 最高:  757(+2.71% ) 收:  707(-4.07% ) 判定:失敗
❌ 3711  日月光投控 振幅:-4.68%  昨收:  590 開:  619(+4.92% ) 最高:  623(+5.59% ) 收:  590(+0%    ) 判定:失敗
❌ 3583  辛耘       振幅:-0.49%  昨收:  803 開:  821(+2.24% ) 最高:  832(+3.61% ) 收:  817(+1.74% ) 判定:失敗
❌ 3017  奇鋐       振幅:-2.63%  昨收: 2405 開: 2475(+2.91% ) 最高: 2475(+2.91% ) 收: 2410(+0.21% ) 判定:失敗
❌ 3131  弘塑       振幅:-2.58%  昨收: 3230 開: 3300(+2.17% ) 最高: 3385(+4.8%  ) 收: 3215(-0.46% ) 判定:失敗  "
2026-06-11,2026/06/11 23:20:24 TPE,9,1,4,0,1,3,55.6,"本次驗證 9 檔 🔥強命中 1 🏄‍♀️可當沖 4 🦐命中難追 0 ❌失敗 1 🎲中性 3。命中率 55.6%。
🔥 3532  台勝科     振幅:+10.82% 昨收:  270 開:  268(-0.74% ) 最高:  297(+10%   ) 收:  297(+10%   ) 判定:強命中
🏄‍♀️ 2344  華邦電     振幅:+1.62%  昨收:  149 開:  154(+3.36% ) 最高:162.5(+9.06% ) 收:156.5(+5.03% ) 判定:可當沖
🏄‍♀️ 2408  南亞科     振幅:+1.19%  昨收:  333 開:  336(+0.9%  ) 最高:353.5(+6.16% ) 收:  340(+2.1%  ) 判定:可當沖
🏄‍♀️ 8299  群聯       振幅:+2.33%  昨收: 2155 開: 2150(-0.23% ) 最高: 2250(+4.41% ) 收: 2200(+2.09% ) 判定:可當沖
🎲 2383  台光電     振幅:+2%     昨收: 4940 開: 4995(+1.11% ) 最高: 5130(+3.85% ) 收: 5095(+3.14% ) 判定:中性
🎲 2330  台積電     振幅:+0.45%  昨收: 2255 開: 2240(-0.67% ) 最高: 2260(+0.22% ) 收: 2250(-0.22% ) 判定:中性
❌ 2376  技嘉       振幅:-1.16%  昨收:344.5 開:  344(-0.15% ) 最高:348.5(+1.16% ) 收:  340(-1.31% ) 判定:失敗
🏄‍♀️ 3711  日月光投控 振幅:+2.06%  昨收:  539 開:  533(-1.11% ) 最高:  552(+2.41% ) 收:  544(+0.93% ) 判定:可當沖
🎲 3661  世芯-KY    振幅:+1.5%   昨收: 4040 開: 4000(-0.99% ) 最高: 4065(+0.62% ) 收: 4060(+0.5%  ) 判定:中性  "
2026-06-11,2026/06/11 23:10:30 TPE,9,1,4,0,1,3,55.6,"本次驗證 9 檔 | 🔥強命中 1 | 🏄‍♀️可當沖 4 | 🦐難追 0 | ❌失敗 1 | 🎲中性 3 | 命中率 55.6%
🔥 3532  台勝科     +10.82% 昨收:  270 開:  268(-0.74% ) 最高:  297(+10%   ) 收:  297(+10%   ) 判定:強命中
🏄‍♀️ 2344  華邦電     +1.62%  昨收:  149 開:  154(+3.36% ) 最高:162.5(+9.06% ) 收:156.5(+5.03% ) 判定:可當沖
🏄‍♀️ 2408  南亞科     +1.19%  昨收:  333 開:  336(+0.9%  ) 最高:353.5(+6.16% ) 收:  340(+2.1%  ) 判定:可當沖
🏄‍♀️ 8299  群聯       +2.33%  昨收: 2155 開: 2150(-0.23% ) 最高: 2250(+4.41% ) 收: 2200(+2.09% ) 判定:可當沖
🎲 2383  台光電     +2%     昨收: 4940 開: 4995(+1.11% ) 最高: 5130(+3.85% ) 收: 5095(+3.14% ) 判定:中性
🎲 2330  台積電     +0.45%  昨收: 2255 開: 2240(-0.67% ) 最高: 2260(+0.22% ) 收: 2250(-0.22% ) 判定:中性
❌ 2376  技嘉       -1.16%  昨收:344.5 開:  344(-0.15% ) 最高:348.5(+1.16% ) 收:  340(-1.31% ) 判定:失敗
🏄‍♀️ 3711  日月光投控 +2.06%  昨收:  539 開:  533(-1.11% ) 最高:  552(+2.41% ) 收:  544(+0.93% ) 判定:可當沖
🎲 3661  世芯-KY    +1.5%   昨收: 4040 開: 4000(-0.99% ) 最高: 4065(+0.62% ) 收: 4060(+0.5%  ) 判定:中性  "
2026-06-11,2026/06/11 23:05:36 TPE,9,1,4,0,1,3,55.6,"本次驗證 9 檔 | 🔥強命中 1 | 🏄‍♀️可當沖 4 | 🦐難追 0 | ❌失敗 1 | 🎲中性 3 | 命中率 55.6%
🔥 3532  台勝科     +10.82% 昨收:  270 開:  268(-0.74% ) 最高:  297(+10%   ) 收:  297(+10%   ) 判定:強命中
🏄‍♀️ 2344  華邦電     +1.62%  昨收:  149 開:  154(+3.36% ) 最高:162.5(+9.06% ) 收:156.5(+5.03% ) 判定:可當沖
🏄‍♀️ 2408  南亞科     +1.19%  昨收:  333 開:  336(+0.9%  ) 最高:353.5(+6.16% ) 收:  340(+2.1%  ) 判定:可當沖
🏄‍♀️ 8299  群聯       +2.33%  昨收: 2155 開: 2150(-0.23% ) 最高: 2250(+4.41% ) 收: 2200(+2.09% ) 判定:可當沖
🎲 2383  台光電     +2%     昨收: 4940 開: 4995(+1.11% ) 最高: 5130(+3.85% ) 收: 5095(+3.14% ) 判定:中性
🎲 2330  台積電     +0.45%  昨收: 2255 開: 2240(-0.67% ) 最高: 2260(+0.22% ) 收: 2250(-0.22% ) 判定:中性
❌ 2376  技嘉       -1.16%  昨收:344.5 開:  344(-0.15% ) 最高:348.5(+1.16% ) 收:  340(-1.31% ) 判定:失敗
🏄‍♀️ 3711  日月光投控 +2.06%  昨收:  539 開:  533(-1.11% ) 最高:  552(+2.41% ) 收:  544(+0.93% ) 判定:可當沖
🎲 3661  世芯-KY    +1.5%   昨收: 4040 開: 4000(-0.99% ) 最高: 4065(+0.62% ) 收: 4060(+0.5%  ) 判定:中性  "
2026-06-11,2026/06/11 22:53:03 TPE,9,1,4,0,1,3,55.6,"本次驗證 9 檔，🔥強命中 1，🏄‍♀️可當沖 4，🦐命中難追 0，❌失敗 1，🎲中性 3。今日命中率 55.6%。
🔥 3532  台勝科     昨收:  270 開:  268(-0.74% ) 最高:  297(+10%   ) 收:  297(+10%   ) 判定:強命中
🏄‍♀️ 2344  華邦電     昨收:  149 開:  154(+3.36% ) 最高:162.5(+9.06% ) 收:156.5(+5.03% ) 判定:可當沖
🏄‍♀️ 2408  南亞科     昨收:  333 開:  336(+0.9%  ) 最高:353.5(+6.16% ) 收:  340(+2.1%  ) 判定:可當沖
🏄‍♀️ 8299  群聯       昨收: 2155 開: 2150(-0.23% ) 最高: 2250(+4.41% ) 收: 2200(+2.09% ) 判定:可當沖
🎲 2383  台光電     昨收: 4940 開: 4995(+1.11% ) 最高: 5130(+3.85% ) 收: 5095(+3.14% ) 判定:中性
🎲 2330  台積電     昨收: 2255 開: 2240(-0.67% ) 最高: 2260(+0.22% ) 收: 2250(-0.22% ) 判定:中性
❌ 2376  技嘉       昨收:344.5 開:  344(-0.15% ) 最高:348.5(+1.16% ) 收:  340(-1.31% ) 判定:失敗
🏄‍♀️ 3711  日月光投控 昨收:  539 開:  533(-1.11% ) 最高:  552(+2.41% ) 收:  544(+0.93% ) 判定:可當沖
🎲 3661  世芯-KY    昨收: 4040 開: 4000(-0.99% ) 最高: 4065(+0.62% ) 收: 4060(+0.5%  ) 判定:中性  "
2026-06-11,2026/06/11 22:47:05 TPE,9,1,0,0,1,11.1,"本次驗證 9 檔，🔥強命中 1 檔，🏄‍♀️可當沖 0 檔，🦐命中難追 0 檔，❌失敗 1 檔，🎲中性 7 檔。今日命中率 11.1%。
🔥 3532  台勝科     昨收:  270 開:  268(-0.74% ) 最高:  297(+10%   ) 收:  297(+10%   ) 判定:強命中
🎲 2344  華邦電     昨收:  149 開:  154(+3.36% ) 最高:162.5(+9.06% ) 收:156.5(+5.03% ) 判定:中性
🎲 2408  南亞科     昨收:  333 開:  336(+0.9%  ) 最高:353.5(+6.16% ) 收:  340(+2.1%  ) 判定:中性
🎲 8299  群聯       昨收: 2155 開: 2150(-0.23% ) 最高: 2250(+4.41% ) 收: 2200(+2.09% ) 判定:中性
🎲 2383  台光電     昨收: 4940 開: 4995(+1.11% ) 最高: 5130(+3.85% ) 收: 5095(+3.14% ) 判定:中性
🎲 2330  台積電     昨收: 2255 開: 2240(-0.67% ) 最高: 2260(+0.22% ) 收: 2250(-0.22% ) 判定:中性
❌ 2376  技嘉       昨收:344.5 開:  344(-0.15% ) 最高:348.5(+1.16% ) 收:  340(-1.31% ) 判定:失敗
🎲 3711  日月光投控 昨收:  539 開:  533(-1.11% ) 最高:  552(+2.41% ) 收:  544(+0.93% ) 判定:中性
🎲 3661  世芯-KY    昨收: 4040 開: 4000(-0.99% ) 最高: 4065(+0.62% ) 收: 4060(+0.5%  ) 判定:中性  "
2026-06-11,2026/06/11 18:30:03 TPE,10,4,1,2,55.6,"本次驗證 10 檔，強命中 4 檔，普通命中 1 檔，失敗 2 檔。今日命中率 55.6%。
🔥 3532  台勝科     昨收:  270 開:  268(-0.74% ) 最高:  297(+10%   ) 收:  297(+10%   ) 判定:強命中
🔥 2344  華邦電     昨收:  149 開:  154(+3.36% ) 最高:162.5(+9.06% ) 收:156.5(+5.03% ) 判定:強命中
🔥 2408  南亞科     昨收:  333 開:  336(+0.9%  ) 最高:353.5(+6.16% ) 收:  340(+2.1%  ) 判定:強命中
✅ 8299  群聯       昨收: 2155 開: 2150(-0.23% ) 最高: 2250(+4.41% ) 收: 2200(+2.09% ) 判定:普通命中
🔥 2383  台光電     昨收: 4940 開: 4995(+1.11% ) 最高: 5130(+3.85% ) 收: 5095(+3.14% ) 判定:強命中
❌ 2330  台積電     昨收: 2255 開: 2240(-0.67% ) 最高: 2260(+0.22% ) 收: 2250(-0.22% ) 判定:失敗
❌ 2376  技嘉       昨收:344.5 開:  344(-0.15% ) 最高:348.5(+1.16% ) 收:  340(-1.31% ) 判定:失敗
⚪ 3711  日月光投控 昨收:  539 開:  533(-1.11% ) 最高:  552(+2.41% ) 收:  544(+0.93% ) 判定:未明確
⚪ 3661  世芯-KY    昨收: 4040 開: 4000(-0.99% ) 最高: 4065(+0.62% ) 收: 4060(+0.5%  ) 判定:未明確"
2026-06-11,2026/06/11 17:25:21 TPE,9,4,1,2,55.6,"本次驗證 9 檔，強命中 4 檔，普通命中 1 檔，失敗 2 檔。今日命中率 55.6%。
🔥 3532  台勝科     昨收:  270 開:  268(-0.74% ) 最高:  297(+10%   ) 收:  297(+10%   ) 判定:強命中 [可當沖✅]
🔥 2344  華邦電     昨收:  149 開:  154(+3.36% ) 最高:162.5(+9.06% ) 收:156.5(+5.03% ) 判定:強命中 [可當沖✅]
🔥 2408  南亞科     昨收:  333 開:  336(+0.9%  ) 最高:353.5(+6.16% ) 收:  340(+2.1%  ) 判定:強命中 [可當沖✅]
✅ 8299  群聯       昨收: 2155 開: 2150(-0.23% ) 最高: 2250(+4.41% ) 收: 2200(+2.09% ) 判定:普通命中 [可當沖✅]
🔥 2383  台光電     昨收: 4940 開: 4995(+1.11% ) 最高: 5130(+3.85% ) 收: 5095(+3.14% ) 判定:強命中
❌ 2330  台積電     昨收: 2255 開: 2240(-0.67% ) 最高: 2260(+0.22% ) 收: 2250(-0.22% ) 判定:失敗
❌ 2376  技嘉       昨收:344.5 開:  344(-0.15% ) 最高:348.5(+1.16% ) 收:  340(-1.31% ) 判定:失敗
⚪ 3711  日月光投控 昨收:  539 開:  533(-1.11% ) 最高:  552(+2.41% ) 收:  544(+0.93% ) 判定:未明確 [可當沖✅]
⚪ 3661  世芯-KY    昨收: 4040 開: 4000(-0.99% ) 最高: 4065(+0.62% ) 收: 4060(+0.5%  ) 判定:未明確"
2026-06-11,2026/06/11 16:48:22 TPE,17,4,1,9,31.3,"本次驗證 17 檔，強命中 4 檔，普通命中 1 檔，失敗 9 檔。今日命中率 31.3%。
❌ 4979  華星光     昨收:  504 開:  481(-4.56% ) 最高:  481(-4.56% ) 收:  473(-6.15% ) 判定:失敗
❌ 3081  聯亞       昨收: 2245 開: 2155(-4.01% ) 最高: 2215(-1.34% ) 收: 2165(-3.56% ) 判定:失敗
❌ 3363  上詮       昨收:  747 開:  730(-2.28% ) 最高:  755(+1.07% ) 收:  728(-2.54% ) 判定:失敗
❌ 2345  智邦       昨收: 2365 開: 2330(-1.48% ) 最高: 2345(-0.85% ) 收: 2275(-3.81% ) 判定:失敗
⚪ 3711  日月光投控 昨收:  539 開:  533(-1.11% ) 最高:  552(+2.41% ) 收:  544(+0.93% ) 判定:未明確
⚪ 3661  世芯-KY    昨收: 4040 開: 4000(-0.99% ) 最高: 4065(+0.62% ) 收: 4060(+0.5%  ) 判定:未明確
❌ 2330  台積電     昨收: 2255 開: 2240(-0.67% ) 最高: 2260(+0.22% ) 收: 2250(-0.22% ) 判定:失敗
🔥 6239  力成       昨收:  303 開:309.5(+2.15% ) 最高:  333(+9.9%  ) 收:  333(+9.9%  ) 判定:強命中
❌ 3017  奇鋐       昨收: 2360 開: 2340(-0.85% ) 最高: 2445(+3.6%  ) 收: 2335(-1.06% ) 判定:失敗
🔥 2408  南亞科     昨收:  333 開:  336(+0.9%  ) 最高:353.5(+6.16% ) 收:  340(+2.1%  ) 判定:強命中
❌ 3324  雙鴻       昨收: 1010 開: 1000(-0.99% ) 最高: 1030(+1.98% ) 收:  998(-1.19% ) 判定:失敗
❌ 2368  金像電     昨收: 1420 開: 1415(-0.35% ) 最高: 1440(+1.41% ) 收: 1345(-5.28% ) 判定:失敗
❌ 2382  廣達       昨收:380.5 開:373.5(-1.84% ) 最高:  385(+1.18% ) 收:  370(-2.76% ) 判定:失敗
🔥 2383  台光電     昨收: 4940 開: 4995(+1.11% ) 最高: 5130(+3.85% ) 收: 5095(+3.14% ) 判定:強命中
✅ 8299  群聯       昨收: 2155 開: 2150(-0.23% ) 最高: 2250(+4.41% ) 收: 2200(+2.09% ) 判定:普通命中
🔥 2344  華邦電     昨收:  149 開:  154(+3.36% ) 最高:162.5(+9.06% ) 收:156.5(+5.03% ) 判定:強命中"
2026-06-11,2026/06/11 16:30:57 TPE,17,4,1,9,31.3,"本次驗證 17 檔，強命中 4 檔，普通命中 1 檔，失敗 9 檔。今日命中率 31.3%。
❌ 4979  華星光     昨收:  504 開:  481(-4.56% ) 最高:  481(-4.56% ) 收:  473(-6.15% ) 判定:失敗
❌ 3081  聯亞       昨收: 2245 開: 2155(-4.01% ) 最高: 2215(-1.34% ) 收: 2165(-3.56% ) 判定:失敗
❌ 3363  上詮       昨收:  747 開:  730(-2.28% ) 最高:  755(+1.07% ) 收:  728(-2.54% ) 判定:失敗
❌ 2345  智邦       昨收: 2365 開: 2330(-1.48% ) 最高: 2345(-0.85% ) 收: 2275(-3.81% ) 判定:失敗
⚪ 3711  日月光投控 昨收:  539 開:  533(-1.11% ) 最高:  552(+2.41% ) 收:  544(+0.93% ) 判定:未明確
⚪ 3661  世芯-KY    昨收: 4040 開: 4000(-0.99% ) 最高: 4065(+0.62% ) 收: 4060(+0.5%  ) 判定:未明確
❌ 2330  台積電     昨收: 2255 開: 2240(-0.67% ) 最高: 2260(+0.22% ) 收: 2250(-0.22% ) 判定:失敗
🔥 6239  力成       昨收:  303 開:309.5(+2.15% ) 最高:  333(+9.9%  ) 收:  333(+9.9%  ) 判定:強命中
❌ 3017  奇鋐       昨收: 2360 開: 2340(-0.85% ) 最高: 2445(+3.6%  ) 收: 2335(-1.06% ) 判定:失敗
🔥 2408  南亞科     昨收:  333 開:  336(+0.9%  ) 最高:353.5(+6.16% ) 收:  340(+2.1%  ) 判定:強命中
❌ 3324  雙鴻       昨收: 1010 開: 1000(-0.99% ) 最高: 1030(+1.98% ) 收:  998(-1.19% ) 判定:失敗
❌ 2368  金像電     昨收: 1420 開: 1415(-0.35% ) 最高: 1440(+1.41% ) 收: 1345(-5.28% ) 判定:失敗
❌ 2382  廣達       昨收:380.5 開:373.5(-1.84% ) 最高:  385(+1.18% ) 收:  370(-2.76% ) 判定:失敗
🔥 2383  台光電     昨收: 4940 開: 4995(+1.11% ) 最高: 5130(+3.85% ) 收: 5095(+3.14% ) 判定:強命中
✅ 8299  群聯       昨收: 2155 開: 2150(-0.23% ) 最高: 2250(+4.41% ) 收: 2200(+2.09% ) 判定:普通命中
🔥 2344  華邦電     昨收:  149 開:  154(+3.36% ) 最高:162.5(+9.06% ) 收:156.5(+5.03% ) 判定:強命中"
